--役職テーブルへの追加
INSERT IGNORE INTO roles (id, name) VALUES
(1, 'ROLE_ADMIN'),
(2, 'ROLE_PAYING_MEMBER'),
(3, 'ROLE_FREE_MEMBER');


--ユーザテーブルへの追加
INSERT IGNORE INTO users (id, mail_address, password, name, phone_number, postal_code, address, created_at, updated_at, enabled, role_id) VALUES
(1, 'admin1@example.com', '$2a$10$XOB9GcHnySFkr3uC3xr3E.y7vpbC21HdTMoyPUkVpwTPzGsijf3/m', '管理者1', '08012345678', '123-4567', '東京都千代田区1-1-1', NOW(), NOW(), TRUE, 1),
(2, 'admin2@example.com', '$2a$10$XOB9GcHnySFkr3uC3xr3E.y7vpbC21HdTMoyPUkVpwTPzGsijf3/m', '管理者2', '08012345679', '234-5678', '東京都千代田区1-1-2', NOW(), NOW(), TRUE, 1),
(3, 'paid@example.com', '$2a$10$SBeglu93VKRrokevVCnA1OdHbahcjh0aKhlA.9rGaq9iRcX0RJTYK', '有料会員1', '09012345678', '345-6789', '東京都渋谷区1-1-1', NOW(), NOW(), TRUE, 2),
(4, 'free@example.com', '$2a$10$fMFL4zDs2axUMuY9T4w48uLRWQWO5QbG/hdsAA.JA016XO2A4sRH6', '無料会員1', '09012345679', '456-7890', '東京都新宿区1-1-1', NOW(), NOW(), TRUE, 3),
(5, 'paid5@example.com', '$2a$10$SBeglu93VKRrokevVCnA1OdHbahcjh0aKhlA.9rGaq9iRcX0RJTYK', '山田 太郎5', '09011110005', '100-0005', '東京都中央区日本橋1-1-5', NOW(), NOW(), TRUE, 2),
(6, 'free6@example.com', '$2a$10$fMFL4zDs2axUMuY9T4w48uLRWQWO5QbG/hdsAA.JA016XO2A4sRH6', '佐藤 花子6', '08011110006', '100-0006', '東京都中央区日本橋1-1-6', NOW(), NOW(), TRUE, 3),
(7, 'paid7@example.com', '$2a$10$SBeglu93VKRrokevVCnA1OdHbahcjh0aKhlA.9rGaq9iRcX0RJTYK', '山田 太郎7', '09011110007', '100-0007', '東京都中央区日本橋1-1-7', NOW(), NOW(), TRUE, 2),
(8, 'free8@example.com', '$2a$10$fMFL4zDs2axUMuY9T4w48uLRWQWO5QbG/hdsAA.JA016XO2A4sRH6', '佐藤 花子8', '08011110008', '100-0008', '東京都中央区日本橋1-1-8', NOW(), NOW(), TRUE, 3),
(9, 'paid9@example.com', '$2a$10$SBeglu93VKRrokevVCnA1OdHbahcjh0aKhlA.9rGaq9iRcX0RJTYK', '山田 太郎9', '09011110009', '100-0009', '東京都中央区日本橋1-1-9', NOW(), NOW(), TRUE, 2),
(10, 'free10@example.com', '$2a$10$fMFL4zDs2axUMuY9T4w48uLRWQWO5QbG/hdsAA.JA016XO2A4sRH6', '佐藤 花子10', '08011110010', '100-0010', '東京都中央区日本橋1-1-10', NOW(), NOW(), TRUE, 3),
(11, 'paid11@example.com', '$2a$10$SBeglu93VKRrokevVCnA1OdHbahcjh0aKhlA.9rGaq9iRcX0RJTYK', '山田 太郎11', '09011110011', '100-0011', '東京都中央区日本橋1-1-11', NOW(), NOW(), TRUE, 2),
(12, 'free12@example.com', '$2a$10$fMFL4zDs2axUMuY9T4w48uLRWQWO5QbG/hdsAA.JA016XO2A4sRH6', '佐藤 花子12', '08011110012', '100-0012', '東京都中央区日本橋1-1-12', NOW(), NOW(), TRUE, 3),
(13, 'paid13@example.com', '$2a$10$SBeglu93VKRrokevVCnA1OdHbahcjh0aKhlA.9rGaq9iRcX0RJTYK', '山田 太郎13', '09011110013', '100-0013', '東京都中央区日本橋1-1-13', NOW(), NOW(), TRUE, 2),
(14, 'free14@example.com', '$2a$10$fMFL4zDs2axUMuY9T4w48uLRWQWO5QbG/hdsAA.JA016XO2A4sRH6', '佐藤 花子14', '08011110014', '100-0014', '東京都中央区日本橋1-1-14', NOW(), NOW(), TRUE, 3),
(15, 'paid15@example.com', '$2a$10$SBeglu93VKRrokevVCnA1OdHbahcjh0aKhlA.9rGaq9iRcX0RJTYK', '山田 太郎15', '09011110015', '100-0015', '東京都中央区日本橋1-1-15', NOW(), NOW(), TRUE, 2),
(16, 'free16@example.com', '$2a$10$fMFL4zDs2axUMuY9T4w48uLRWQWO5QbG/hdsAA.JA016XO2A4sRH6', '佐藤 花子16', '08011110016', '100-0016', '東京都中央区日本橋1-1-16', NOW(), NOW(), TRUE, 3),
(17, 'paid17@example.com', '$2a$10$SBeglu93VKRrokevVCnA1OdHbahcjh0aKhlA.9rGaq9iRcX0RJTYK', '山田 太郎17', '09011110017', '100-0017', '東京都中央区日本橋1-1-17', NOW(), NOW(), TRUE, 2),
(18, 'free18@example.com', '$2a$10$fMFL4zDs2axUMuY9T4w48uLRWQWO5QbG/hdsAA.JA016XO2A4sRH6', '佐藤 花子18', '08011110018', '100-0018', '東京都中央区日本橋1-1-18', NOW(), NOW(), TRUE, 3),
(19, 'paid19@example.com', '$2a$10$SBeglu93VKRrokevVCnA1OdHbahcjh0aKhlA.9rGaq9iRcX0RJTYK', '山田 太郎19', '09011110019', '100-0019', '東京都中央区日本橋1-1-19', NOW(), NOW(), TRUE, 2),
(20, 'free20@example.com', '$2a$10$fMFL4zDs2axUMuY9T4w48uLRWQWO5QbG/hdsAA.JA016XO2A4sRH6', '佐藤 花子20', '08011110020', '100-0020', '東京都中央区日本橋1-1-20', NOW(), NOW(), TRUE, 3),
(21, 'paid21@example.com', '$2a$10$SBeglu93VKRrokevVCnA1OdHbahcjh0aKhlA.9rGaq9iRcX0RJTYK', '山田 太郎21', '09011110021', '100-0021', '東京都中央区日本橋1-1-21', NOW(), NOW(), TRUE, 2),
(22, 'free22@example.com', '$2a$10$fMFL4zDs2axUMuY9T4w48uLRWQWO5QbG/hdsAA.JA016XO2A4sRH6', '佐藤 花子22', '08011110022', '100-0022', '東京都中央区日本橋1-1-22', NOW(), NOW(), TRUE, 3),
(23, 'paid23@example.com', '$2a$10$SBeglu93VKRrokevVCnA1OdHbahcjh0aKhlA.9rGaq9iRcX0RJTYK', '山田 太郎23', '09011110023', '100-0023', '東京都中央区日本橋1-1-23', NOW(), NOW(), TRUE, 2),
(24, 'free24@example.com', '$2a$10$fMFL4zDs2axUMuY9T4w48uLRWQWO5QbG/hdsAA.JA016XO2A4sRH6', '佐藤 花子24', '08011110024', '100-0024', '東京都中央区日本橋1-1-24', NOW(), NOW(), TRUE, 3),
(25, 'paid25@example.com', '$2a$10$SBeglu93VKRrokevVCnA1OdHbahcjh0aKhlA.9rGaq9iRcX0RJTYK', '山田 太郎25', '09011110025', '100-0025', '東京都中央区日本橋1-1-25', NOW(), NOW(), TRUE, 2),
(26, 'free26@example.com', '$2a$10$fMFL4zDs2axUMuY9T4w48uLRWQWO5QbG/hdsAA.JA016XO2A4sRH6', '佐藤 花子26', '08011110026', '100-0026', '東京都中央区日本橋1-1-26', NOW(), NOW(), TRUE, 3),
(27, 'paid27@example.com', '$2a$10$SBeglu93VKRrokevVCnA1OdHbahcjh0aKhlA.9rGaq9iRcX0RJTYK', '山田 太郎27', '09011110027', '100-0027', '東京都中央区日本橋1-1-27', NOW(), NOW(), TRUE, 2),
(28, 'free28@example.com', '$2a$10$fMFL4zDs2axUMuY9T4w48uLRWQWO5QbG/hdsAA.JA016XO2A4sRH6', '佐藤 花子28', '08011110028', '100-0028', '東京都中央区日本橋1-1-28', NOW(), NOW(), TRUE, 3),
(29, 'paid29@example.com', '$2a$10$SBeglu93VKRrokevVCnA1OdHbahcjh0aKhlA.9rGaq9iRcX0RJTYK', '山田 太郎29', '09011110029', '100-0029', '東京都中央区日本橋1-1-29', NOW(), NOW(), TRUE, 2),
(30, 'free30@example.com', '$2a$10$fMFL4zDs2axUMuY9T4w48uLRWQWO5QbG/hdsAA.JA016XO2A4sRH6', '佐藤 花子30', '08011110030', '100-0030', '東京都中央区日本橋1-1-30', NOW(), NOW(), TRUE, 3),
(31, 'paid31@example.com', '$2a$10$SBeglu93VKRrokevVCnA1OdHbahcjh0aKhlA.9rGaq9iRcX0RJTYK', '山田 太郎31', '09011110031', '100-0031', '東京都中央区日本橋1-1-31', NOW(), NOW(), TRUE, 2),
(32, 'free32@example.com', '$2a$10$fMFL4zDs2axUMuY9T4w48uLRWQWO5QbG/hdsAA.JA016XO2A4sRH6', '佐藤 花子32', '08011110032', '100-0032', '東京都中央区日本橋1-1-32', NOW(), NOW(), TRUE, 3),
(33, 'paid33@example.com', '$2a$10$SBeglu93VKRrokevVCnA1OdHbahcjh0aKhlA.9rGaq9iRcX0RJTYK', '山田 太郎33', '09011110033', '100-0033', '東京都中央区日本橋1-1-33', NOW(), NOW(), TRUE, 2),
(34, 'free34@example.com', '$2a$10$fMFL4zDs2axUMuY9T4w48uLRWQWO5QbG/hdsAA.JA016XO2A4sRH6', '佐藤 花子34', '08011110034', '100-0034', '東京都中央区日本橋1-1-34', NOW(), NOW(), TRUE, 3),
(35, 'paid35@example.com', '$2a$10$SBeglu93VKRrokevVCnA1OdHbahcjh0aKhlA.9rGaq9iRcX0RJTYK', '山田 太郎35', '09011110035', '100-0035', '東京都中央区日本橋1-1-35', NOW(), NOW(), TRUE, 2),
(36, 'free36@example.com', '$2a$10$fMFL4zDs2axUMuY9T4w48uLRWQWO5QbG/hdsAA.JA016XO2A4sRH6', '佐藤 花子36', '08011110036', '100-0036', '東京都中央区日本橋1-1-36', NOW(), NOW(), TRUE, 3),
(37, 'paid37@example.com', '$2a$10$SBeglu93VKRrokevVCnA1OdHbahcjh0aKhlA.9rGaq9iRcX0RJTYK', '山田 太郎37', '09011110037', '100-0037', '東京都中央区日本橋1-1-37', NOW(), NOW(), TRUE, 2),
(38, 'free38@example.com', '$2a$10$fMFL4zDs2axUMuY9T4w48uLRWQWO5QbG/hdsAA.JA016XO2A4sRH6', '佐藤 花子38', '08011110038', '100-0038', '東京都中央区日本橋1-1-38', NOW(), NOW(), TRUE, 3),
(39, 'paid39@example.com', '$2a$10$SBeglu93VKRrokevVCnA1OdHbahcjh0aKhlA.9rGaq9iRcX0RJTYK', '山田 太郎39', '09011110039', '100-0039', '東京都中央区日本橋1-1-39', NOW(), NOW(), TRUE, 2),
(40, 'free40@example.com', '$2a$10$fMFL4zDs2axUMuY9T4w48uLRWQWO5QbG/hdsAA.JA016XO2A4sRH6', '佐藤 花子40', '08011110040', '100-0040', '東京都中央区日本橋1-1-40', NOW(), NOW(), TRUE, 3),
(41, 'paid41@example.com', '$2a$10$SBeglu93VKRrokevVCnA1OdHbahcjh0aKhlA.9rGaq9iRcX0RJTYK', '山田 太郎41', '09011110041', '100-0041', '東京都中央区日本橋1-1-41', NOW(), NOW(), TRUE, 2),
(42, 'free42@example.com', '$2a$10$fMFL4zDs2axUMuY9T4w48uLRWQWO5QbG/hdsAA.JA016XO2A4sRH6', '佐藤 花子42', '08011110042', '100-0042', '東京都中央区日本橋1-1-42', NOW(), NOW(), TRUE, 3),
(43, 'paid43@example.com', '$2a$10$SBeglu93VKRrokevVCnA1OdHbahcjh0aKhlA.9rGaq9iRcX0RJTYK', '山田 太郎43', '09011110043', '100-0043', '東京都中央区日本橋1-1-43', NOW(), NOW(), TRUE, 2),
(44, 'free44@example.com', '$2a$10$fMFL4zDs2axUMuY9T4w48uLRWQWO5QbG/hdsAA.JA016XO2A4sRH6', '佐藤 花子44', '08011110044', '100-0044', '東京都中央区日本橋1-1-44', NOW(), NOW(), TRUE, 3),
(45, 'paid45@example.com', '$2a$10$SBeglu93VKRrokevVCnA1OdHbahcjh0aKhlA.9rGaq9iRcX0RJTYK', '山田 太郎45', '09011110045', '100-0045', '東京都中央区日本橋1-1-45', NOW(), NOW(), TRUE, 2),
(46, 'free46@example.com', '$2a$10$fMFL4zDs2axUMuY9T4w48uLRWQWO5QbG/hdsAA.JA016XO2A4sRH6', '佐藤 花子46', '08011110046', '100-0046', '東京都中央区日本橋1-1-46', NOW(), NOW(), TRUE, 3),
(47, 'paid47@example.com', '$2a$10$SBeglu93VKRrokevVCnA1OdHbahcjh0aKhlA.9rGaq9iRcX0RJTYK', '山田 太郎47', '09011110047', '100-0047', '東京都中央区日本橋1-1-47', NOW(), NOW(), TRUE, 2),
(48, 'free48@example.com', '$2a$10$fMFL4zDs2axUMuY9T4w48uLRWQWO5QbG/hdsAA.JA016XO2A4sRH6', '佐藤 花子48', '08011110048', '100-0048', '東京都中央区日本橋1-1-48', NOW(), NOW(), TRUE, 3),
(49, 'paid49@example.com', '$2a$10$SBeglu93VKRrokevVCnA1OdHbahcjh0aKhlA.9rGaq9iRcX0RJTYK', '山田 太郎49', '09011110049', '100-0049', '東京都中央区日本橋1-1-49', NOW(), NOW(), TRUE, 2),
(50, 'free50@example.com', '$2a$10$fMFL4zDs2axUMuY9T4w48uLRWQWO5QbG/hdsAA.JA016XO2A4sRH6', '佐藤 花子50', '08011110050', '100-0050', '東京都中央区日本橋1-1-50', NOW(), NOW(), TRUE, 3),
(51, 'paid51@example.com', '$2a$10$SBeglu93VKRrokevVCnA1OdHbahcjh0aKhlA.9rGaq9iRcX0RJTYK', '山田 太郎51', '09011110051', '100-0051', '東京都中央区日本橋1-1-51', NOW(), NOW(), TRUE, 2),
(52, 'free52@example.com', '$2a$10$fMFL4zDs2axUMuY9T4w48uLRWQWO5QbG/hdsAA.JA016XO2A4sRH6', '佐藤 花子52', '08011110052', '100-0052', '東京都中央区日本橋1-1-52', NOW(), NOW(), TRUE, 3),
(53, 'paid53@example.com', '$2a$10$SBeglu93VKRrokevVCnA1OdHbahcjh0aKhlA.9rGaq9iRcX0RJTYK', '山田 太郎53', '09011110053', '100-0053', '東京都中央区日本橋1-1-53', NOW(), NOW(), TRUE, 2),
(54, 'free54@example.com', '$2a$10$fMFL4zDs2axUMuY9T4w48uLRWQWO5QbG/hdsAA.JA016XO2A4sRH6', '佐藤 花子54', '08011110054', '100-0054', '東京都中央区日本橋1-1-54', NOW(), NOW(), TRUE, 3);
--カテゴリテーブルへの追加
INSERT IGNORE INTO categories (id, category_name) VALUES
(1, 'レストラン'),
(2, '料亭'),
(3, '居酒屋'),
(4, 'カフェ・喫茶店'),
(5, '食堂'),
(6, '焼肉'),
(7, '和食'),
(8, '洋食'),
(9, '中華'),
(10, 'イタリアン'),
(11, 'スイーツ');

--飲食店テーブルへの追加
INSERT IGNORE INTO restaurants (id, name, business_hours, regular_closing_day, price_range, category_id, num_of_seats, phone_number, postal_code, address, description, created_at, updated_at, enabled, image_name) VALUES
(1, '味噌カツパラダイス', '11:00-22:00', '月曜日', 700, 7, 40, '052-111-2222', '460-0008', '名古屋市中区栄1-2-3', '当店の味噌カツは名古屋伝統の甘味噌を使用し、独特のコクと旨味を引き出した逸品です。地元のお客様から観光客まで多くの方に愛され、一口食べればその魅力にハマること間違いなし。ぜひご賞味ください。', NOW(), NOW(), TRUE, 'restaurant(1).jpg'),
(2, '台湾ラーメン天国', '12:00-02:00', '火曜日', 500, 9, 30, '052-123-4567', '460-0003', '名古屋市中区錦2-4-5', '当店は名古屋発祥の台湾ラーメンを深夜まで提供しています。スパイシーなスープに肉味噌とニラを合わせた熱々の一杯は、寒い夜にもピッタリ。地元サラリーマンや観光客が〆の一杯に訪れる人気店です。', NOW(), NOW(), TRUE, 'restaurant(2).jpg'),
(3, '喫茶ひつまぶしモーニング', '07:00-18:00', '日曜日', 300, 4, 20, '052-987-6543', '460-0004', '名古屋市昭和区丸の内3-5-1', '名古屋文化が詰まった当店では、ひつまぶしとモーニングを融合させた独特のメニューを朝から提供。小倉トーストや鉄板スパゲッティなど名物メニューも多数揃えています。観光の始まりや一息入れたい時にぜひお立ち寄りください。', NOW(), NOW(), TRUE, 'restaurant(3).jpg'),
(4, 'どて煮横丁', '10:00-23:00', '水曜日', 600, 5, 50, '052-245-0011', '460-0005', '名古屋市中区丸の内4-2-10', '名物どて煮は甘い味噌の香り漂うホルモン煮込み。昼はビジネスマン、夜は観光客で賑わう下町食堂です。', NOW(), NOW(), TRUE, 'restaurant(4).jpg'),
(5, 'きしめん路地裏屋', '09:00-20:00', 'なし', 400, 7, 30, '052-345-0002', '460-0006', '名古屋市中区南椿町1-7', '平打ち麺が自慢のきしめんは鰹だしが効いた昔ながらの味。路地裏の小さな和食店で地元民から愛されています。', NOW(), NOW(), TRUE, 'restaurant(5).jpg'),
(6, '鉄板スパゲッティ楽園', '11:00-21:00', '金曜日', 500, 8, 35, '052-456-1122', '460-0007', '名古屋市中区新栄3-4-2', '熱々鉄板に絡むバターとスパゲッティ、懐かしさ溢れる洋食店で至福の一皿をどうぞ。', NOW(), NOW(), TRUE, 'restaurant(6).jpg'),
(7, '味噌煮込みうどん大陸', '10:00-22:00', '月曜日', 800, 7, 45, '052-363-2211', '460-0001', '名古屋市中区橘1-3-5', '濃厚な赤味噌仕立ての味噌煮込みうどんが看板メニュー。コシの強い麺と旨み溢れるスープが自慢。', NOW(), NOW(), TRUE, 'restaurant(7).jpg'),
(8, '味噌おでん名人', '09:00-19:00', '木曜日', 400, 3, 25, '052-443-3322', '460-0002', '名古屋市中区葵2-7-1', 'とろとろ大根と濃厚味噌だれが絶品の味噌おでん。カウンター越しの女将との会話も魅力です。', NOW(), NOW(), TRUE, 'restaurant(8).jpg'),
(9, 'カレーうどん劇場', '10:00-22:00', '日曜日', 600, 9, 40, '052-455-2233', '460-0009', '名古屋市中区錦3-1-10', 'スパイス香るカレーうどんが人気。刺激的な味わいで昼夜問わず人が集まります。', NOW(), NOW(), TRUE, 'restaurant(9).jpg'),
(10, '手羽先ソウルフード', '17:00-02:00', '月曜日', 500, 3, 60, '052-500-0033', '460-0010', '名古屋市中区大須3-11-5', 'パリッと揚げた手羽先を秘伝のタレで味わい尽くす居酒屋。ビール片手に名古屋の夜を楽しんで。', NOW(), NOW(), TRUE, NULL),
(11, 'ひつまぶし炭火庵', '11:00-21:00', '水曜日', 1200, 7, 40, '052-514-0004', '460-0011', '名古屋市中区栄5-9-2', '香ばしく焼いた鰻を贅沢に使用したひつまぶし。炭火の香りと共にゆったりとした和空間で味わえます。', NOW(), NOW(), TRUE, 'restaurant(11).jpg'),
(12, '小倉トースト甘味屋', '08:00-18:00', 'なし', 300, 11, 20, '052-621-1212', '460-0012', '名古屋市中区千代田2-1-5', '小倉トーストを朝から楽しめる甘味処。控えめな甘さの小倉あんがパンに染み込み至福の味わい。', NOW(), NOW(), TRUE, 'restaurant(12).jpg'),
(13, '味噌カツバーガー工房', '10:00-20:00', '火曜日', 500, 8, 28, '052-332-0005', '460-0013', '名古屋市中区富士見1-2-3', 'パンに挟んだ味噌カツが新感覚！濃厚ソースが食欲をそそる洋食バーガーショップです。', NOW(), NOW(), TRUE, 'restaurant(13).jpg'),
(14, 'どて丼本舗', '11:00-21:00', '木曜日', 600, 5, 36, '052-877-5412', '460-0014', '名古屋市中区正木4-5-6', '甘辛味噌で煮込んだホルモンをご飯にたっぷりかけたどて丼が大人気。腹ペコさんいらっしゃい！', NOW(), NOW(), TRUE, 'restaurant(14).jpg'),
(15, '味噌煮込みパスタ庵', '09:00-21:00', '金曜日', 700, 8, 24, '052-873-4212', '460-0015', '名古屋市中区大井町2-3-4', '赤味噌クリームソースのパスタは和洋折衷の一品。意外な組み合わせにリピーター続出！', NOW(), NOW(), TRUE, 'restaurant(15).jpg'),
(16, '台湾まぜそば極楽', '12:00-23:00', '月曜日', 700, 9, 32, '052-333-5566', '460-0016', '名古屋市中区栄生2-1-8', '濃厚なタレとニラ、挽肉が絡む台湾まぜそば。締めの追い飯まで味の変化を楽しめます。', NOW(), NOW(), TRUE, 'restaurant(16).jpg'),
(17, '名古屋味噌グリル', '11:00-22:00', 'なし', 900, 1, 45, '052-441-2244', '460-0017', '名古屋市中区上前津3-4-3', '厳選食材と名古屋味噌が融合した創作レストラン。地元の伝統をモダンに昇華させた一皿を。', NOW(), NOW(), TRUE, 'restaurant(17).jpg'),
(18, '味噌串カツ横丁', '17:00-01:00', '火曜日', 500, 3, 38, '052-456-2211', '460-0018', '名古屋市中区東桜2-3-10', '串カツを甘い味噌ダレで楽しむ居酒屋。下町情緒溢れる賑やかな雰囲気が食欲を刺激します。', NOW(), NOW(), TRUE, 'restaurant(18).jpg'),
(19, '味噌鍋シチュー亭', '10:00-20:00', '水曜日', 800, 8, 26, '052-312-7712', '460-0019', '名古屋市中区栄町1-1-1', '赤味噌仕立てのシチューは濃厚で深みのある味わい。パンを浸して召し上がれ。', NOW(), NOW(), TRUE, 'restaurant(19).jpg'),
(20, '手羽先バルCHU', '16:00-01:00', '日曜日', 600, 3, 50, '052-555-8888', '460-0020', '名古屋市中区金山5-2-4', '揚げたて手羽先とワインが楽しめるバルスタイル居酒屋。女子会やデートにも最適です。', NOW(), NOW(), TRUE, NULL),
(21, '味噌煮込みカフェMISO-Morning', '07:00-17:00', 'なし', 400, 4, 18, '052-698-1200', '460-0021', '名古屋市中区平和2-6-2', '朝から味噌煮込みうどんが味わえるカフェ。小倉トーストもあり名古屋文化を満喫！', NOW(), NOW(), TRUE, 'restaurant(21).jpg'),
(22, 'ひつまぶしガーデン', '11:00-22:00', '金曜日', 1300, 7, 35, '052-678-4444', '460-0022', '名古屋市中区松原3-5-6', '炭火焼き鰻たっぷりのひつまぶしが自慢。庭園風店内で贅沢なひと時を。', NOW(), NOW(), TRUE, 'restaurant(22).jpg'),
(23, 'きしめんスタンドNAGO', '09:00-19:00', '月曜日', 400, 5, 22, '052-665-4411', '460-0023', '名古屋市中区古渡町1-2-3', '駅近で手軽にきしめんを楽しめるスタンド食堂。忙しい朝やランチに最適です。', NOW(), NOW(), TRUE, 'restaurant(23).jpg'),
(24, '台湾ラーメンBar一麺', '18:00-03:00', '木曜日', 600, 9, 28, '052-113-2222', '460-0024', '名古屋市中区橦木町4-5-2', '深夜営業の台湾ラーメンバー。辛味がクセになる一杯とお酒で夜を締めくくろう。', NOW(), NOW(), TRUE, 'restaurant(24).jpg'),
(25, '味噌カツデリシャス', '10:00-22:00', 'なし', 700, 7, 40, '052-841-5123', '460-0025', '名古屋市中区伊勢山2-4-8', '昔ながらの味噌カツが旨い老舗。家族連れでほっこりする和食店。', NOW(), NOW(), TRUE, 'restaurant(25).jpg'),
(26, 'ひつまぶし洋風アレンジ', '11:00-20:00', '火曜日', 1100, 8, 30, '052-333-4444', '460-0026', '名古屋市中区金屋町3-2-1', 'ひつまぶしを洋風にアレンジ！バターライスと鰻、白ワインが織りなす新感覚の味。', NOW(), NOW(), TRUE, 'restaurant(26).jpg'),
(27, '味噌おでん昭和横丁', '16:00-00:00', '水曜日', 400, 3, 32, '052-987-1111', '460-0027', '名古屋市中区平田町5-6-7', '昭和レトロな雰囲気で味噌おでんを味わう居酒屋。心が和む一杯をどうぞ。', NOW(), NOW(), TRUE, 'restaurant(27).jpg'),
(28, '台湾まぜそば屋台', '12:00-23:00', '日曜日', 500, 9, 25, '052-661-1234', '460-0028', '名古屋市中区高岳1-8-9', '屋台風の店先で台湾まぜそばを楽しむ臨場感。ニラと挽肉の旨みが麺に絡みます。', NOW(), NOW(), TRUE, 'restaurant(28).jpg'),
(29, 'きしめんBAR Udonista', '17:00-00:00', '月曜日', 500, 3, 28, '052-978-2223', '460-0029', '名古屋市中区竹橋町2-4', 'きしめんをつまみにお酒を楽しむ新感覚バー。大人の隠れ家です。', NOW(), NOW(), TRUE, 'restaurant(29).jpg'),
(30, '味噌カツラボ', '11:00-22:00', '金曜日', 800, 7, 50, '052-555-9999', '460-0030', '名古屋市中区江川1-2-3', '味噌カツを究極まで追求する研究所的食堂。独自ブレンドの味噌ダレにファン急増中。', NOW(), NOW(), TRUE, NULL),
(31, 'どて煮食堂まるた', '10:00-20:00', '火曜日', 500, 5, 34, '052-844-1112', '460-0031', '名古屋市中区千種2-1-1', 'じっくり煮込んだどて煮がご飯にピッタリ。地元リピーター多数の定食屋。', NOW(), NOW(), TRUE, 'restaurant(31).jpg'),
(32, '手羽先ガストロノミー', '17:00-23:00', '水曜日', 900, 1, 40, '052-777-5555', '460-0032', '名古屋市中区鶴舞1-3-2', '手羽先をフレンチ風に仕上げた創作レストラン。高級感漂う特別な一皿。', NOW(), NOW(), TRUE, 'restaurant(32).jpg'),
(33, 'ひつまぶし喫茶', '07:00-16:00', 'なし', 1000, 4, 20, '052-333-5656', '460-0033', '名古屋市中区春日井町3-4-5', '朝からひつまぶしを提供する不思議な喫茶店。コーヒーと鰻の意外なマッチングをお楽しみください。', NOW(), NOW(), TRUE, 'restaurant(33).jpg'),
(34, '味噌煮込みファクトリー', '10:00-22:00', '木曜日', 700, 7, 44, '052-987-4567', '460-0034', '名古屋市中区松原町4-6-8', '自家製味噌にこだわる味噌煮込みうどん専門店。コシの強い麺が魅力。', NOW(), NOW(), TRUE, 'restaurant(34).jpg'),
(35, '味噌カツ&ワインバル', '17:00-00:00', '日曜日', 800, 3, 30, '052-223-1144', '460-0035', '名古屋市中区島田1-2-3', '味噌カツとワインの新提案。ソムリエがワイン選びをサポートする大人の居酒屋。', NOW(), NOW(), TRUE, 'restaurant(35).jpg'),
(36, '台湾ラーメンモダン', '11:00-23:00', '月曜日', 600, 9, 36, '052-963-7744', '460-0036', '名古屋市中区正和町2-2-2', '洗練された空間で味わう台湾ラーメンは辛さと旨味が絶妙。深夜まで賑わいます。', NOW(), NOW(), TRUE, 'restaurant(36).jpg'),
(37, 'きしめんカフェNishiki', '08:00-17:00', '金曜日', 400, 4, 18, '052-124-6677', '460-0037', '名古屋市中区錦町1-9-1', '朝はきしめん、午後はスイーツまで楽しめる喫茶店。名古屋文化を一日中堪能。', NOW(), NOW(), TRUE, 'restaurant(37).jpg'),
(38, '味噌豚カツ食堂', '10:00-22:00', '火曜日', 600, 5, 40, '052-287-2222', '460-0038', '名古屋市中区大井戸1-2-4', '豚カツを赤味噌で煮込んだ定食が人気。ご飯との相性抜群で学生に大好評。', NOW(), NOW(), TRUE, 'restaurant(38).jpg'),
(39, '台湾まぜそばDINER', '12:00-02:00', '水曜日', 700, 9, 28, '052-454-9990', '460-0039', '名古屋市中区神楽町3-4-5', '深夜まで営業のダイナーで台湾まぜそばを。追い飯で最後まで旨味堪能。', NOW(), NOW(), TRUE, 'restaurant(39).jpg'),
(40, '味噌おでんバル', '17:00-23:00', 'なし', 500, 3, 34, '052-998-7777', '460-0040', '名古屋市中区大須2-1-9', 'モダンなバル空間で味噌おでんをつまみにクラフトビールを。若者にも人気。', NOW(), NOW(), TRUE, NULL),
(41, '鉄板スパGO', '11:00-20:00', '木曜日', 500, 8, 22, '052-331-1212', '460-0041', '名古屋市中区鶯谷1-3-3', '熱々鉄板スパゲッティが人気の洋食店。昭和レトロな味で心も温まる。', NOW(), NOW(), TRUE, 'restaurant(41).jpg'),
(42, '味噌天ぷら庵', '11:00-21:00', '月曜日', 800, 7, 38, '052-454-1234', '460-0042', '名古屋市中区久屋町4-5-6', '味噌を活かした天ぷらが絶品。上品な味わいで大人の和食時間をどうぞ。', NOW(), NOW(), TRUE, 'restaurant(42).jpg'),
(43, '手羽先エスプレッソ', '09:00-18:00', '金曜日', 400, 4, 16, '052-777-3333', '460-0043', '名古屋市中区花園3-2-1', '手羽先とエスプレッソの奇妙な組み合わせが話題。新感覚のカフェ体験を。', NOW(), NOW(), TRUE, 'restaurant(43).jpg'),
(44, '味噌煮込みリストランテ', '17:00-23:00', '日曜日', 1000, 10, 30, '052-888-4444', '460-0044', '名古屋市中区柳橋1-4-2', 'イタリアンと味噌煮込みうどんが融合！赤味噌ソースと生パスタで新たな美味しさ発見。', NOW(), NOW(), TRUE, 'restaurant(44).jpg'),
(45, 'ひつまぶしドルチェ', '11:00-19:00', '火曜日', 1200, 11, 25, '052-669-1233', '460-0045', '名古屋市中区正成町2-1-4', 'スイーツとひつまぶしのコースが楽しめる新感覚スイーツ店。甘味と鰻の絶妙調和。', NOW(), NOW(), TRUE, 'restaurant(45).jpg'),
(46, '手羽先カレー屋', '10:00-20:00', '水曜日', 600, 5, 28, '052-333-2211', '460-0046', '名古屋市中区葵南1-2-3', 'カレーうどんに手羽先トッピング！ボリューム満点で癖になる一皿。', NOW(), NOW(), TRUE, 'restaurant(46).jpg'),
(47, 'どて煮ビストロ', '17:00-22:00', '木曜日', 800, 1, 35, '052-114-8899', '460-0047', '名古屋市中区若葉町4-4-4', 'どて煮をフレンチテイストに仕上げたビストロ。ワインと共にお楽しみください。', NOW(), NOW(), TRUE, 'restaurant(47).jpg'),
(48, 'きしめんピッツェリア', '11:00-21:00', '金曜日', 900, 10, 30, '052-556-1122', '460-0048', '名古屋市中区千種町5-5-5', 'きしめん生地を使ったピザが名物。もちもち食感とチーズのコラボが絶妙。', NOW(), NOW(), TRUE, 'restaurant(48).jpg'),
(49, '味噌カツカフェMisoBre', '09:00-17:00', '月曜日', 500, 4, 20, '052-777-6666', '460-0049', '名古屋市中区泉2-3-7', '味噌カツサンドとコーヒーを楽しむカフェ。朝から名古屋味を満喫できます。', NOW(), NOW(), TRUE, 'restaurant(49).jpg'),
(50, '台湾ラーメンスイーツ', '10:00-19:00', 'なし', 600, 11, 18, '052-444-7777', '460-0050', '名古屋市中区紫陽花1-6-2', '辛い台湾ラーメンと甘いスイーツを同時提供する挑戦的なお店。味覚の冒険へようこそ。', NOW(), NOW(), TRUE, NULL),
(51, 'ひつまぶしGarden茶寮', '11:00-21:00', '火曜日', 1300, 7, 36, '052-514-2255', '460-0051', '名古屋市中区松重町2-2-2', '静かな和空間で味わう本格ひつまぶし。丁寧な仕事が鰻の旨さを引き立てます。', NOW(), NOW(), TRUE, 'restaurant(51).jpg'),
(52, '味噌おでんCafe', '09:00-18:00', '水曜日', 400, 4, 16, '052-858-9966', '460-0052', '名古屋市中区新栄西3-1-1', 'ほっと和むカフェで味噌おでんと和スイーツを。心休まるひと時をどうぞ。', NOW(), NOW(), TRUE, 'restaurant(52).jpg'),
(53, '台湾まぜそば洋食堂', '11:00-20:00', '木曜日', 700, 8, 25, '052-741-3333', '460-0053', '名古屋市中区橘北2-4-9', '台湾まぜそばを洋風にアレンジ！トマトソースとチーズが新たなハーモニーを生む。', NOW(), NOW(), TRUE, 'restaurant(53).jpg'),
(54, '手羽先イタリアーノ', '17:00-23:00', 'なし', 800, 10, 30, '052-999-0001', '460-0054', '名古屋市中区矢場町1-2-3', '手羽先をガーリックバターで味わうイタリアンバル。ワインが進む一皿。', NOW(), NOW(), TRUE, 'restaurant(54).jpg'),
(55, 'きしめんパンケーキ', '08:00-16:00', '金曜日', 500, 11, 16, '052-777-9191', '460-0055', '名古屋市中区栄東2-8-8', 'きしめん粉で作ったパンケーキが話題。もちもち食感が癖になるスイーツ店。', NOW(), NOW(), TRUE, 'restaurant(55).jpg'),
(56, '味噌カツDining和', '10:00-22:00', '月曜日', 700, 7, 40, '052-611-4488', '460-0056', '名古屋市中区葵西1-4-3', '上質な味噌カツを和モダンな空間で。丁寧な接客でおもてなし。', NOW(), NOW(), TRUE, 'restaurant(56).jpg'),
(57, 'ひつまぶしBrunch', '09:00-14:00', '日曜日', 1200, 4, 24, '052-100-3232', '460-0057', '名古屋市中区丸の内東3-5-7', 'ブランチタイムにひつまぶしを楽しむ喫茶店。贅沢な朝をどうぞ。', NOW(), NOW(), TRUE, 'restaurant(57).jpg'),
(58, 'どて煮ビュッフェ', '11:00-20:00', '火曜日', 600, 5, 42, '052-321-5550', '460-0058', '名古屋市中区伏見1-1-5', 'どて煮を好きなだけ楽しめるビュッフェ。ご飯が進む止まらない！', NOW(), NOW(), TRUE, 'restaurant(58).jpg'),
(59, '台湾ラーメンTeppan', '12:00-23:00', '水曜日', 600, 9, 28, '052-697-2255', '460-0059', '名古屋市中区鶴舞南2-6-2', '鉄板仕上げの台湾ラーメンは香ばしさ倍増。ライブ感ある調理が人気。', NOW(), NOW(), TRUE, 'restaurant(59).jpg'),
(60, '手羽先ハウス', '16:00-00:00', '木曜日', 500, 3, 40, '052-414-7770', '460-0060', '名古屋市中区鍋屋上野町3-2-1', '手羽先専門店でビールと共に乾杯！地元の定番居酒屋で一息。', NOW(), NOW(), TRUE, NULL),
(61, '味噌鍋カウンター', '10:00-21:00', 'なし', 700, 7, 22, '052-888-2222', '460-0061', '名古屋市中区上前津西1-9-3', 'カウンター越しで味噌鍋をゆっくり楽しむ和食店。1人利用も大歓迎。', NOW(), NOW(), TRUE, 'restaurant(61).jpg'),
(62, 'ひつまぶし大人食堂', '11:00-22:00', '金曜日', 1300, 5, 30, '052-741-7772', '460-0062', '名古屋市中区中川端2-4-6', '落ち着いた空間で贅沢なひつまぶしを。特別な日のディナーにどうぞ。', NOW(), NOW(), TRUE, 'restaurant(62).jpg'),
(63, '味噌おでんギャラリー', '09:00-17:00', '月曜日', 400, 4, 20, '052-531-9991', '460-0063', '名古屋市中区西日置1-3-4', 'アート作品と味噌おでんが楽しめるギャラリーカフェ。五感で味わう新体験。', NOW(), NOW(), TRUE, 'restaurant(63).jpg'),
(64, '台湾まぜそば斬新', '11:00-23:00', '火曜日', 600, 9, 32, '052-888-5599', '460-0064', '名古屋市中区熱田町5-4-3', '独自ブレンドソースで味わう台湾まぜそば。刺激的な味が若者を惹きつける。', NOW(), NOW(), TRUE, 'restaurant(64).jpg'),
(65, 'きしめん茶房', '07:00-15:00', '水曜日', 300, 4, 18, '052-852-3300', '460-0065', '名古屋市中区大津町2-8-8', '朝食にきしめんが人気の茶房。静かな朝をゆったりと。', NOW(), NOW(), TRUE, 'restaurant(65).jpg'),
(66, '味噌カツクラシック', '10:00-20:00', '木曜日', 600, 7, 28, '052-333-9955', '460-0066', '名古屋市中区松原東1-3-2', '昔懐かしい味噌カツを守り続ける老舗。変わらぬ味が心を和ませる。', NOW(), NOW(), TRUE, 'restaurant(66).jpg'),
(67, 'ひつまぶしAperitivo', '17:00-22:00', '日曜日', 1200, 1, 26, '052-114-7774', '460-0067', '名古屋市中区白鳥1-2-5', 'アペリティーボにひつまぶしとシャンパンを組み合わせた贅沢レストラン。大人の嗜みを。', NOW(), NOW(), TRUE, 'restaurant(67).jpg'),
(68, '味噌おでんandスコーン', '08:00-16:00', '月曜日', 400, 11, 20, '052-414-5656', '460-0068', '名古屋市中区白川町4-4-4', '味噌おでんとスコーンの奇妙な組合せが話題のスイーツ店。不思議な甘辛ハーモニー。', NOW(), NOW(), TRUE, 'restaurant(68).jpg'),
(69, '台湾まぜそばPub', '18:00-02:00', 'なし', 700, 3, 30, '052-999-4141', '460-0069', '名古屋市中区神宮西2-6-1', 'お酒を飲みつつ台湾まぜそばをすする新感覚パブ。深夜の胃袋を満たします。', NOW(), NOW(), TRUE, 'restaurant(69).jpg'),
(70, 'きしめんラウンジ', '10:00-20:00', '金曜日', 500, 8, 22, '052-741-5555', '460-0070', '名古屋市中区久屋南1-1-1', 'シックなラウンジできしめんや洋食を。出張帰りの憩いの場。', NOW(), NOW(), TRUE, NULL),
(71, '味噌カツハウスBon', '11:00-21:00', '火曜日', 700, 7, 30, '052-645-8888', '460-0071', '名古屋市中区平和北3-7-7', '家庭的な雰囲気で味噌カツを提供。子供からお年寄りまで大満足。', NOW(), NOW(), TRUE, 'restaurant(71).jpg'),
(72, 'ひつまぶし旅館風', '12:00-22:00', '水曜日', 1300, 1, 24, '052-223-5552', '460-0072', '名古屋市中区内山2-9-9', '旅館を彷彿とさせる和空間でひつまぶしを。特別な日の思い出に。', NOW(), NOW(), TRUE, 'restaurant(72).jpg'),
(73, '味噌おでんミルクティー', '09:00-17:00', '木曜日', 400, 4, 16, '052-333-2252', '460-0073', '名古屋市中区虹ヶ丘3-4-5', 'ミルクティーと味噌おでんが同居する喫茶店。意外な組み合わせが話題。', NOW(), NOW(), TRUE, 'restaurant(73).jpg'),
(74, '台湾まぜそばTrattoria', '11:00-23:00', '金曜日', 800, 10, 28, '052-747-2222', '460-0074', '名古屋市中区南久屋町2-3-1', '台湾まぜそばをイタリアン風に。ハーブやチーズが生み出す新世界の味。', NOW(), NOW(), TRUE, 'restaurant(74).jpg'),
(75, '手羽先Chocolat', '08:00-16:00', '日曜日', 500, 11, 18, '052-000-4444', '460-0075', '名古屋市中区富士見台1-2-3', '手羽先とチョコレートスイーツを同時提供する冒険的スイーツ店。甘塩っぱい新感覚。', NOW(), NOW(), TRUE, 'restaurant(75).jpg'),
(76, '味噌煮込みデリ', '10:00-20:00', '月曜日', 600, 5, 26, '052-414-1114', '460-0076', '名古屋市中区鶯南2-4-4', 'テイクアウト専門の味噌煮込みうどん弁当。旅のお供にも最適。', NOW(), NOW(), TRUE, 'restaurant(76).jpg'),
(77, 'ひつまぶしSushi Bar', '17:00-23:00', '火曜日', 1400, 1, 28, '052-555-1212', '460-0077', '名古屋市中区寿町4-1-1', 'ひつまぶしと寿司を一緒に楽しめる和バー。特上うなぎと地酒で贅沢な夜を。', NOW(), NOW(), TRUE, 'restaurant(77).jpg'),
(78, '味噌おでんChai', '09:00-18:00', '水曜日', 400, 4, 16, '052-888-4141', '460-0078', '名古屋市中区百合町5-2-2', 'チャイと味噌おでんの意外な組み合わせ。まったり午後の喫茶時間。', NOW(), NOW(), TRUE, 'restaurant(78).jpg'),
(79, '台湾まぜそばKartell', '11:00-22:00', '木曜日', 700, 8, 30, '052-999-5454', '460-0079', '名古屋市中区清水橋1-3-2', 'おしゃれな洋食空間で台湾まぜそばをアレンジ。若いカップルに大人気。', NOW(), NOW(), TRUE, 'restaurant(79).jpg'),
(80, 'きしめんデザート', '10:00-19:00', 'なし', 400, 11, 18, '052-999-3333', '460-0080', '名古屋市中区菊井1-1-1', 'きしめん粉の和スイーツが楽しめる不思議な店。モチっと新食感に虜。', NOW(), NOW(), TRUE, NULL),
(81, '味噌カツCantina', '17:00-00:00', '金曜日', 700, 3, 32, '052-441-5123', '460-0081', '名古屋市中区太閤1-3-2', 'カンティーナ風居酒屋で味噌カツを。陽気な雰囲気と濃厚味噌が食欲を刺激。', NOW(), NOW(), TRUE, 'restaurant(81).jpg'),
(82, 'ひつまぶしRistorante', '11:00-21:00', '月曜日', 1300, 10, 26, '052-777-8989', '460-0082', '名古屋市中区古渡西2-2-2', 'ひつまぶしをイタリアン仕立てで提供。バルサミコが鰻の旨味を引き立てます。', NOW(), NOW(), TRUE, 'restaurant(82).jpg'),
(83, '味噌おでんCreperie', '09:00-17:00', '火曜日', 400, 11, 18, '052-222-1113', '460-0083', '名古屋市中区錦南3-3-3', '味噌おでんとクレープの不思議な組み合わせ。甘辛い風味がクセになる。', NOW(), NOW(), TRUE, 'restaurant(83).jpg'),
(84, '台湾まぜそばBistro', '12:00-23:00', '水曜日', 700, 1, 28, '052-444-7878', '460-0084', '名古屋市中区栄南5-4-1', 'ビストロ風台湾まぜそばはワインとの相性抜群。大人の隠れ家。', NOW(), NOW(), TRUE, 'restaurant(84).jpg'),
(85, 'きしめんWine Bar', '17:00-23:00', '木曜日', 600, 3, 30, '052-999-5656', '460-0085', '名古屋市中区金山東1-3-6', 'ワインを片手にきしめんを啜る新感覚バー。大人の夜を演出。', NOW(), NOW(), TRUE, 'restaurant(85).jpg'),
(86, '味噌カツCurry', '10:00-20:00', 'なし', 600, 5, 34, '052-414-4545', '460-0086', '名古屋市中区新須川2-1-2', 'カレーに味噌カツをのせたガッツリ定食。ボリューム満点でリピーター続出。', NOW(), NOW(), TRUE, 'restaurant(86).jpg'),
(87, 'ひつまぶしDeli', '11:00-19:00', '金曜日', 1100, 8, 24, '052-666-9999', '460-0087', '名古屋市中区華陽町3-3-3', 'テイクアウトひつまぶし専門店。ホテルや自宅で名古屋の味を楽しめます。', NOW(), NOW(), TRUE, 'restaurant(87).jpg'),
(88, 'どて煮Espresso', '08:00-16:00', '月曜日', 400, 4, 16, '052-333-0006', '460-0088', '名古屋市中区宝町5-5-5', 'エスプレッソとどて煮の不思議なセット。意外と合うと評判。', NOW(), NOW(), TRUE, 'restaurant(88).jpg'),
(89, '台湾ラーメンTapas', '18:00-02:00', '火曜日', 600, 3, 28, '052-777-2022', '460-0089', '名古屋市中区柳原西2-2-2', '小皿料理と台湾ラーメンを合わせる居酒屋。辛さにハマる夜を。', NOW(), NOW(), TRUE, 'restaurant(89).jpg'),
(90, '手羽先Noir', '17:00-23:00', '水曜日', 500, 3, 26, '052-505-4455', '460-0090', '名古屋市中区錦東1-1-1', '黒胡椒手羽先が人気のシックな居酒屋。大人の夜にぴったり。', NOW(), NOW(), TRUE, NULL),
(91, '味噌鍋Rustico', '11:00-21:00', '木曜日', 700, 1, 28, '052-777-3330', '460-0091', '名古屋市中区葵南西2-3-3', '名古屋味噌をフレンチ風鍋で楽しむレストラン。rusticな空間で上質な時間を。', NOW(), NOW(), TRUE, 'restaurant(91).jpg'),
(92, 'ひつまぶしEtude', '12:00-22:00', '金曜日', 1300, 10, 26, '052-523-7474', '460-0092', '名古屋市中区鶴舞北1-4-1', 'クラシック音楽が流れる中で味わうひつまぶしは格別。優雅なひと時をどうぞ。', NOW(), NOW(), TRUE, 'restaurant(92).jpg'),
(93, '味噌おでんMacaroon', '09:00-17:00', 'なし', 400, 11, 16, '052-100-4141', '460-0093', '名古屋市中区栄北5-5-5', '味噌おでんとマカロンが同時に楽しめるスイーツ店。甘辛い刺激が新鮮！', NOW(), NOW(), TRUE, 'restaurant(93).jpg'),
(94, '台湾まぜそばFusion', '11:00-23:00', '月曜日', 700, 8, 30, '052-888-9991', '460-0094', '名古屋市中区東桜南2-2-2', '台湾まぜそばと洋食の融合ダイニング。独創的な味に挑戦。', NOW(), NOW(), TRUE, 'restaurant(94).jpg'),
(95, 'きしめんChic', '10:00-20:00', '火曜日', 500, 5, 20, '052-223-5151', '460-0095', '名古屋市中区白金町3-1-1', 'シックな内装の食堂できしめんをじっくり味わう。出汁香る至福の一杯。', NOW(), NOW(), TRUE, 'restaurant(95).jpg'),
(96, '味噌カツViennoiserie', '08:00-16:00', '水曜日', 600, 11, 18, '052-444-4545', '460-0096', '名古屋市中区伏見南1-2-2', '味噌カツとヴィエノワズリーを組み合わせた斬新なスイーツパン店。朝食にも最適。', NOW(), NOW(), TRUE, 'restaurant(96).jpg'),
(97, 'ひつまぶし和カフェ', '09:00-18:00', '木曜日', 1200, 4, 20, '052-441-1199', '460-0097', '名古屋市中区大須南3-3-3', '和スイーツとひつまぶしを同時に楽しむ和カフェ。抹茶と鰻の意外な調和。', NOW(), NOW(), TRUE, 'restaurant(97).jpg'),
(98, 'どて煮Comptoir', '17:00-23:00', '金曜日', 500, 3, 24, '052-747-2220', '460-0098', '名古屋市中区金山北2-4-4', 'カウンターでどて煮とワインを嗜む大人の居酒屋。コク深い味が舌を満足させる。', NOW(), NOW(), TRUE, 'restaurant(98).jpg'),
(99, '台湾ラーメンGlace', '12:00-02:00', '日曜日', 600, 3, 28, '052-999-7772', '460-0099', '名古屋市中区錦北1-3-3', '冷やし台湾ラーメンやデザート麺など革新的メニュー多数。夜更けの一杯に最適。', NOW(), NOW(), TRUE, 'restaurant(99).jpg'),
(100, '手羽先Confeito', '08:00-15:00', '月曜日', 500, 11, 16, '052-223-9922', '460-0100', '名古屋市中区桜通1-1-1', '手羽先と金平糖の奇妙な組み合わせがSNSで話題。甘じょっぱい不思議な体験を。', NOW(), NOW(), TRUE, NULL);


--レビューテーブルへの追加
INSERT IGNORE INTO reviews (id, point, user_id, restaurant_id, review_comment, created_at, updated_at, enabled) VALUES
(1, 4, 1, 1, '素晴らしい料理でした！', NOW(), NOW(), TRUE),
(2, 5, 1, 2, 'また行きたいです！', NOW(), NOW(), TRUE),
(3, 3, 2, 3, '普通の味でした。', NOW(), NOW(), TRUE),
(4, 2, 3, 4, 'サービスが少し残念でした。', NOW(), NOW(), TRUE),
(5, 4, 4, 5, 'とても満足しました。', NOW(), NOW(), TRUE),
(6, 5, 5, 6, '一生忘れられない味です。', NOW(), NOW(), TRUE),
(7, 3, 6, 7, '悪くはないですが、特別感はありません。', NOW(), NOW(), TRUE),
(8, 4, 7, 8, 'また行きます！', NOW(), NOW(), TRUE),
(9, 1, 8, 9, '期待外れでした。', NOW(), NOW(), TRUE),
(10, 5, 9, 10, '最高の時間を過ごしました！', NOW(), NOW(), TRUE),
(14, 4, 3, 1, '【味噌カツパラダイス】甘〜い濃厚味噌が口いっぱいに広がって、まさにカツの楽園！服の味噌は勲章です…たぶん。', NOW(), NOW(), TRUE),
(15, 5, 4, 2, '【台湾ラーメン天国】深夜にガツンと来る激辛スープが最高！汗だくになってもまた食べたい…それが天国というものか。', NOW(), NOW(), TRUE),
(16, 3, 5, 3, '【喫茶ひつまぶしモーニング】朝から鰻はゼイタクの極み！トーストが嫉妬しそうなほど存在感あり。', NOW(), NOW(), TRUE),
(17, 4, 6, 4, '【どて煮横丁】味噌の香りが漂う横丁の入口で、ホルモンの誘惑にノックアウト。昼からビールが捗りすぎる！', NOW(), NOW(), TRUE),
(18, 5, 7, 5, '【きしめん路地裏屋】細長い路地を抜けたら、平たい麺がドーン！鰹だしの薫りとコシの強さに思わずうなる一本。', NOW(), NOW(), TRUE),
(19, 2, 8, 6, '【鉄板スパゲッティ楽園】ジュージュー音が食欲を呼び覚ます！テーブルまで届いた香りだけでビールが１杯いけます。', NOW(), NOW(), TRUE),
(20, 5, 9, 7, '【味噌煮込みうどん大陸】コシが強い麺をかみしめるたびに、濃厚味噌が洪水のように押し寄せる…！口の中が大陸級の冒険。', NOW(), NOW(), TRUE),
(21, 3, 10, 8, '【味噌おでん名人】あのトロトロ大根に負けないよう、歯ごたえあるこんにゃくも対抗してきます。名人芸を舌で観戦中。', NOW(), NOW(), TRUE),
(22, 4, 11, 9, '【カレーうどん劇場】スパイスの舞台で麺が踊る！飛び散るカレーを恐れずに最後まで飲み干すのが真の観客かと。', NOW(), NOW(), TRUE),
(23, 5, 12, 10, '【手羽先ソウルフード】カリッとジューシーな手羽先に秘伝タレが絡む！これぞ名古屋のソウル…指先ベタベタは気にしない。', NOW(), NOW(), TRUE),
(24, 5, 13, 11, '【ひつまぶし炭火庵】鰻を炭火で丁寧に焼き上げた香ばしさがたまらない！３回に分けて味変しても、まだ名残惜しい。', NOW(), NOW(), TRUE),
(25, 4, 14, 12, '【小倉トースト甘味屋】トーストの上に餡子を山盛りは正義。甘いけどペロッといけるのが不思議です。朝から幸せMAX！', NOW(), NOW(), TRUE),
(26, 3, 15, 13, '【味噌カツバーガー工房】和×洋の融合バーガー！こってり味噌がバンズに染みるほどジューシー。紙エプロンが手放せません。', NOW(), NOW(), TRUE),
(27, 4, 16, 14, '【どて丼本舗】ホルモンの甘辛さが白米にベストマッチ！ついついおかわりしそうになる罪深い丼ぶり。', NOW(), NOW(), TRUE),
(28, 5, 17, 15, '【味噌煮込みパスタ庵】あえてのパスタ×赤味噌ソース！初めての味わいに戸惑うけど、なんかクセになるんです。', NOW(), NOW(), TRUE),
(29, 2, 18, 16, '【台湾まぜそば極楽】ガツンと来る辛味が最高！最後の追い飯まで手が止まらない…翌日のニンニク臭はご愛嬌。', NOW(), NOW(), TRUE),
(30, 4, 19, 17, '【名古屋味噌グリル】名古屋味噌をフレンチっぽくアレンジ？オシャレな店内でごはんが進む進む…何このギャップ！', NOW(), NOW(), TRUE),
(31, 3, 20, 18, '【味噌串カツ横丁】串カツを深い味噌の海にドボン！衣が味噌を吸いすぎて重い…でも止まらない。', NOW(), NOW(), TRUE),
(32, 5, 21, 19, '【味噌鍋シチュー亭】コトコト煮込まれた濃厚シチューにパンをひたすのが至福。胃袋までほっこり温まる大満足な一品。', NOW(), NOW(), TRUE),
(33, 3, 22, 20, '【手羽先バルCHU】ワイン片手に手羽先をかじる大人の時間…と思いきや、タレで口元ベッタベタ！そこがまた楽しい。', NOW(), NOW(), TRUE),
(34, 4, 23, 21, '【味噌煮込みカフェMISO-Morning】朝から味噌煮込みうどんは反則級の贅沢。小倉トーストとどっちを頼むか永遠に悩む…。', NOW(), NOW(), TRUE),
(35, 5, 24, 22, '【ひつまぶしガーデン】鰻をかき混ぜるたびに立ち上る香ばしさ！お庭を眺めながら舌鼓を打てる優雅なランチでした。', NOW(), NOW(), TRUE),
(36, 2, 25, 23, '【きしめんスタンドNAGO】駅チカでサクッときしめん！と侮るなかれ、鰹だしの薫りと独特の平打ち麺が沁みる…。', NOW(), NOW(), TRUE),
(37, 5, 26, 24, '【台湾ラーメンBar一麺】深夜の辛旨ラーメンは禁断の魅力。次の日の胃もたれ覚悟でも止まらないのが罪深い…。', NOW(), NOW(), TRUE),
(38, 4, 27, 25, '【味噌カツデリシャス】昔ながらの甘め味噌が癖になる。家族みんなでワイワイ食べてほっこり。デリシャスに嘘はなし！', NOW(), NOW(), TRUE),
(39, 3, 28, 26, '【ひつまぶし洋風アレンジ】バターライスと鰻の組み合わせにビックリ！が、意外にも白ワインが進む進む…。', NOW(), NOW(), TRUE),
(40, 5, 29, 27, '【味噌おでん昭和横丁】レトロな雰囲気とトロトロ大根の破壊力！ビールが止まらない昭和の魔力にハマりました。', NOW(), NOW(), TRUE),
(41, 4, 30, 28, '【台湾まぜそば屋台】屋台の活気とニラの香りが食欲を倍増！こぼしても屋台だからOK…と思ったら靴にタレが。', NOW(), NOW(), TRUE),
(42, 3, 31, 29, '【きしめんBAR Udonista】おしゃれ空間でズルズル麺をすすれる幸せ。ワインと麺のマリアージュも意外とイケる！', NOW(), NOW(), TRUE),
(43, 5, 32, 30, '【味噌カツラボ】日々進化する味噌カツ研究所！カツが分厚すぎて、もう実験台になってもいい気分。', NOW(), NOW(), TRUE),
(44, 4, 33, 31, '【どて煮食堂まるた】トロットロに煮込まれたホルモンが絶品！味噌の海に沈むご飯が幸せを呼び寄せる…。', NOW(), NOW(), TRUE),
(45, 3, 34, 32, '【手羽先ガストロノミー】フレンチ風の手羽先ってなんだ!?と疑問抱きつつパクッと。新感覚の上品な手羽でした。', NOW(), NOW(), TRUE),
(46, 5, 35, 33, '【ひつまぶし喫茶】朝から鰻茶漬けスタイルもアリでした。珈琲の香りと鰻の香ばしさ…もはや混沌の美味しさ！', NOW(), NOW(), TRUE),
(47, 4, 36, 34, '【味噌煮込みファクトリー】自家製味噌が濃ゆ〜い！器まで熱々なので猫舌の人は勇気が必要。', NOW(), NOW(), TRUE),
(48, 5, 37, 35, '【味噌カツ&ワインバル】味噌ダレと赤ワインの意外な化学反応…これは何杯でもイケる危険な組み合わせ。', NOW(), NOW(), TRUE),
(49, 2, 38, 36, '【台湾ラーメンモダン】スタイリッシュな空間で額に汗。痺れる辛さがクセになる大人の楽しみ。', NOW(), NOW(), TRUE),
(50, 4, 39, 37, '【きしめんカフェNishiki】朝はモーニング、昼はきしめん、午後はスイーツ…何でもありの魅惑空間。', NOW(), NOW(), TRUE),
(51, 5, 40, 38, '【味噌豚カツ食堂】豚カツを味噌で煮込むとは豪快すぎる！ご飯が何杯あっても足りない幸福地帯。', NOW(), NOW(), TRUE),
(52, 3, 41, 39, '【台湾まぜそばDINER】追い飯までセットで完食必須！その分カロリーもすごそうだけど気にしない気にしない…。', NOW(), NOW(), TRUE),
(53, 4, 42, 40, '【味噌おでんバル】モダンなバルで味噌大根つまみにクラフトビール。和×洋のハイブリッドでハマる人続出！', NOW(), NOW(), TRUE),
(54, 5, 43, 41, '【鉄板スパGO】鉄板のジュー音と麺の跳ねる油が食欲を加速。昭和の香り漂うケチャップ味がノスタルジー全開！', NOW(), NOW(), TRUE),
(55, 2, 44, 42, '【味噌天ぷら庵】衣サクサク、味噌ほんのり。こんな上品な天ぷらに出会えるなんて…お茶漬けにしても最高！', NOW(), NOW(), TRUE),
(56, 4, 45, 43, '【手羽先エスプレッソ】カフェ気分で手羽先をバリバリ。口のベタつきと苦めのエスプレッソが意外と好相性。', NOW(), NOW(), TRUE),
(57, 5, 46, 44, '【味噌煮込みリストランテ】イタリアンと味噌煮込みの衝撃コラボ。赤味噌ソースのパスタが絶妙…自分でも驚きました。', NOW(), NOW(), TRUE),
(58, 3, 47, 45, '【ひつまぶしドルチェ】鰻を食べた後のデザートまでフルコース。甘いものは別腹…と自分に言い聞かせる。', NOW(), NOW(), TRUE),
(59, 5, 48, 46, '【手羽先カレー屋】カレーうどんに手羽先をトッピング！欲張りコンボに悶絶…。床に飛び散るカレーにも注意。', NOW(), NOW(), TRUE),
(60, 4, 49, 47, '【どて煮ビストロ】ホルモンをフレンチ流に仕立てるとは、なかなか粋。ワインで流し込むと最高にちょうど良い濃さ。', NOW(), NOW(), TRUE),
(61, 3, 50, 48, '【きしめんピッツェリア】平打ち麺がピザ生地に変身！？もちもち生地にチーズがトロリ…癖になる新食感でした。', NOW(), NOW(), TRUE),
(62, 5, 51, 49, '【味噌カツカフェMisoBre】カフェラテと味噌カツサンドの組み合わせが謎に美味い。朝から満たされすぎて仕事にならない…。', NOW(), NOW(), TRUE),
(63, 2, 52, 50, '【台湾ラーメンスイーツ】激辛ラーメンのあとに甘いケーキを一気食い…ストマックが忙しすぎる店でした！', NOW(), NOW(), TRUE),
(64, 4, 53, 51, '【ひつまぶしGarden茶寮】鰻の香り漂う庭園カフェ。和風モダンな空間で優雅にかきこむ鰻ごはんがたまりません。', NOW(), NOW(), TRUE),
(65, 3, 54, 52, '【味噌おでんCafe】カフェの雰囲気で味噌おでんってどうなの？と疑いつつ実食。意外なほど落ち着く不思議空間。', NOW(), NOW(), TRUE),
(66, 4, 3, 53, '【台湾まぜそば洋食堂】トマトソース×まぜそばで衝撃の味変！最後にはチーズがかかっていて完全にイタリアン…。', NOW(), NOW(), TRUE),
(67, 5, 4, 54, '【手羽先イタリアーノ】ガーリックバターが手羽先に絡むとこんなに上品になるなんて。白ワインが止まりません！', NOW(), NOW(), TRUE),
(68, 2, 5, 55, '【きしめんパンケーキ】粉が同じならアリ？と思ったけど、もちっとしたパンケーキに和テイストが絶妙でびっくり。', NOW(), NOW(), TRUE),
(69, 5, 6, 56, '【味噌カツDining和】静かな和空間でじっくり味噌カツを堪能。ほろ苦い大人の味噌がクセになる〜。', NOW(), NOW(), TRUE),
(70, 3, 7, 57, '【ひつまぶしBrunch】ブランチで鰻は贅沢すぎ！でも贅沢こそ週末の醍醐味…罪悪感ゼロで平らげました。', NOW(), NOW(), TRUE),
(71, 4, 8, 58, '【どて煮ビュッフェ】まさかの食べ放題！最初はテンション爆上げでしたが、３杯目でお腹ギブアップ…。', NOW(), NOW(), TRUE),
(72, 5, 9, 59, '【台湾ラーメンTeppan】鉄板で仕上げる台湾ラーメンは香ばしさ倍増！食べ終わるころには汗がダラダラ…。', NOW(), NOW(), TRUE),
(73, 2, 10, 60, '【手羽先ハウス】手羽先パラダイスすぎて、気づけば骨の山…。ごちそうさまでした！', NOW(), NOW(), TRUE),
(74, 4, 11, 61, '【味噌鍋カウンター】一人でしっぽり味噌鍋を楽しむ贅沢。カウンターの湯気がほっこり感を加速。', NOW(), NOW(), TRUE),
(75, 3, 12, 62, '【ひつまぶし大人食堂】落ち着いた雰囲気で贅沢ひつまぶし。最後のお茶漬けスタイルで完結する瞬間が至福。', NOW(), NOW(), TRUE),
(76, 5, 13, 63, '【味噌おでんギャラリー】アートな雰囲気の中でおでんをつまむのも悪くない。大根が芸術的に舌を包みます。', NOW(), NOW(), TRUE),
(77, 4, 14, 64, '【台湾まぜそば斬新】斬新という名に偽りなし！何が入ってるか分からないほど具だくさんで混ぜ混ぜが止まらん…。', NOW(), NOW(), TRUE),
(78, 3, 15, 65, '【きしめん茶房】朝のきしめんとほうじ茶でホッと一息。仕事前に麺で充電するのが新習慣になりそう。', NOW(), NOW(), TRUE),
(79, 5, 16, 66, '【味噌カツクラシック】昔ながらの甘辛ダレが染み込んだカツ！結局これが一番落ち着くんだよね…。', NOW(), NOW(), TRUE),
(80, 4, 17, 67, '【ひつまぶしAperitivo】夕暮れからシャンパンと鰻ごはん。こんな贅沢アペリティーボ、クセになりそう。', NOW(), NOW(), TRUE),
(81, 2, 18, 68, '【味噌おでんandスコーン】甘いスコーンと味噌おでんが同居…？と恐る恐る食べたけど、意外と合うのが不思議。', NOW(), NOW(), TRUE),
(82, 4, 19, 69, '【台湾まぜそばPub】ビール片手に麺を混ぜるって最高！追い飯まで到達する頃には若干泥酔気味…。', NOW(), NOW(), TRUE),
(83, 5, 20, 70, '【きしめんラウンジ】静かでシックな空間でズルズルときしめんをすする背徳感。大人の至福のひと時！', NOW(), NOW(), TRUE),
(84, 3, 21, 71, '【味噌カツハウスBon】家庭的な雰囲気に癒やされる…味噌ダレたっぷりの豚カツが優しさの極み。', NOW(), NOW(), TRUE),
(85, 5, 22, 72, '【ひつまぶし旅館風】畳の部屋で鰻を食べてると、ほんとに宿泊した気分。なぜかお土産コーナー探しちゃいました。', NOW(), NOW(), TRUE),
(86, 4, 23, 73, '【味噌おでんミルクティー】これは…攻めすぎ！？でも甘いミルクティーと味噌のコクが不思議と合うから怖い。', NOW(), NOW(), TRUE),
(87, 2, 24, 74, '【台湾まぜそばTrattoria】トマトソースやバジルが混ざって、もはやイタリアンなのか台湾なのか…でも旨いから問題なし！', NOW(), NOW(), TRUE),
(88, 4, 25, 75, '【手羽先Chocolat】手羽先＋チョコ？ふざけてると思ったら、甘辛の妙がたまらん…危うく自分の常識を疑うところ。', NOW(), NOW(), TRUE),
(89, 5, 26, 76, '【味噌煮込みデリ】まさかのテイクアウト専門。レンジでチンしても麺がまだ硬いのが名古屋流ってこと！？', NOW(), NOW(), TRUE),
(90, 2, 27, 77, '【ひつまぶしSushi Bar】うなぎと寿司をセットで味わう贅沢コース。シメの握りまでペロリと完食です。', NOW(), NOW(), TRUE),
(91, 5, 28, 78, '【味噌おでんChai】チャイの香りとおでんの味噌が…意外とスパイシーで合う！新しい扉が開きました。', NOW(), NOW(), TRUE),
(92, 3, 29, 79, '【台湾まぜそばKartell】チーズやハーブがプラスされたお洒落まぜそば。胃袋が満たされても心はまだ満たされず…。', NOW(), NOW(), TRUE),
(93, 4, 30, 80, '【きしめんデザート】麺とスイーツの融合に半信半疑。でも一口食べたら「コレもアリ！」って思えてしまう不思議。', NOW(), NOW(), TRUE),
(94, 5, 31, 81, '【味噌カツCantina】カンティーナ風のお店で味噌カツをガツガツ！陽気な音楽に合わせて胃袋も踊る。', NOW(), NOW(), TRUE),
(95, 2, 32, 82, '【ひつまぶしRistorante】バルサミコで鰻を食べる日が来るとは…お洒落でいて、しっかり旨いのが憎い。', NOW(), NOW(), TRUE),
(96, 4, 33, 83, '【味噌おでんCreperie】クレープと味噌おでんが同じテーブルに！？甘じょっぱさが意外とクセになる組み合わせ。', NOW(), NOW(), TRUE),
(97, 5, 34, 84, '【台湾まぜそばBistro】ワイン片手にニラたっぷりのまぜそばをズルズル…。大人の背徳感がたまりません！', NOW(), NOW(), TRUE),
(98, 3, 35, 85, '【きしめんWine Bar】平たい麺をすすりながら飲むワイン…。どんな味になるのか正直ビビったが意外と合う！', NOW(), NOW(), TRUE),
(99, 4, 36, 86, '【味噌カツCurry】カレーの上に味噌カツをのせる背徳感。ご飯がいくらあっても足りません…食い倒れ注意。', NOW(), NOW(), TRUE),
(100, 5, 37, 87, '【ひつまぶしDeli】テイクアウト専門で外でも鰻を満喫。新幹線で頬張ってたら周りから羨望の眼差し…。', NOW(), NOW(), TRUE),
(101, 2, 38, 88, '【どて煮Espresso】苦いエスプレッソと甘辛いどて煮が合うのか…と思いきや、意外と後引く組み合わせ。', NOW(), NOW(), TRUE),
(102, 5, 39, 89, '【台湾ラーメンTapas】小皿料理をつまみながら、締めは激辛ラーメン。もう口の中は火事だけどお酒が進む進む！', NOW(), NOW(), TRUE),
(103, 3, 40, 90, '【手羽先Noir】黒胡椒たっぷりの手羽先が大人の味。シックな店内だけど、手はベタベタになっちゃうジレンマ。', NOW(), NOW(), TRUE),
(104, 4, 41, 91, '【味噌鍋Rustico】フレンチ寄りの鍋で味噌を楽しむ贅沢。パンにスープを吸わせると止まらない…。', NOW(), NOW(), TRUE),
(105, 5, 42, 92, '【ひつまぶしEtude】クラシック音楽を聴きながら鰻を頬張るって…なんだか優雅すぎて背筋が伸びます。', NOW(), NOW(), TRUE),
(106, 2, 43, 93, '【味噌おでんMacaroon】マカロンの甘さと味噌の塩気が絶妙にケンカしない…むしろ一緒に踊ってる！', NOW(), NOW(), TRUE),
(107, 3, 44, 94, '【台湾まぜそばFusion】こだわりの洋風トッピングで、まぜそばの概念を軽々と飛び越えてきます。斬新すぎ！', NOW(), NOW(), TRUE),
(108, 4, 45, 95, '【きしめんChic】落ち着いた内装で味わう昔ながらのきしめん。お洒落だけどしみじみ美味いから困る。', NOW(), NOW(), TRUE),
(109, 5, 46, 96, '【味噌カツViennoiserie】パン生地の甘さと味噌カツの相性が意外に抜群。朝から胃袋が大暴れです。', NOW(), NOW(), TRUE),
(110, 3, 47, 97, '【ひつまぶし和カフェ】抹茶と鰻が同居する不思議空間。でも、一度ハマると抜け出せない危険な予感。', NOW(), NOW(), TRUE),
(111, 4, 48, 98, '【どて煮Comptoir】カウンター越しにシェフが仕上げるどて煮は芸術的なコク。ワインにも合って驚き…。', NOW(), NOW(), TRUE),
(112, 5, 49, 99, '【台湾ラーメンGlace】冷やし台湾ラーメン？最初は戸惑ったけど、スパイスの辛さが後からジワジワ攻めてくる！', NOW(), NOW(), TRUE),
(113, 4, 50, 100, '【手羽先Confeito】手羽先に金平糖って正気か…と思いきや、不思議な甘じょっぱさで脳がバグりました。SNS映えはバッチリ！', NOW(), NOW(), TRUE),
(114, 5, 4, 1, '【味噌カツパラダイス】久々に来たけど、味噌の甘さが濃厚すぎて白米が止まらない！服に飛び散らないように神経集中です…。', NOW(), NOW(), TRUE),
(115, 3, 5, 1, '【味噌カツパラダイス】さすが「パラダイス」を名乗るだけある…甘ダレが天国的。カロリーは地獄的。', NOW(), NOW(), TRUE),
(116, 4, 6, 1, '【味噌カツパラダイス】熱々揚げたてカツと甘味噌の組み合わせは反則！ついご飯をおかわりしてしまった…。', NOW(), NOW(), TRUE),
(117, 5, 7, 1, '【味噌カツパラダイス】衣がサクッと、味噌がトロッと…カツと味噌の狭間にある幸せを実感。罪深い魅力です。', NOW(), NOW(), TRUE),
(118, 2, 8, 1, '【味噌カツパラダイス】味は最高だけど、シャツに味噌ソースつけて上司に怒られた。ある意味伝説になりそう。', NOW(), NOW(), TRUE),
(119, 4, 9, 1, '【味噌カツパラダイス】観光の友人を連れて行ったら大好評！ただし後日「体重が増えた」とクレームが…。', NOW(), NOW(), TRUE),
(120, 5, 10, 1, '【味噌カツパラダイス】味噌が濃厚だけど、甘すぎず絶妙！家にもこの味噌ダレ持ち帰りたいレベル。', NOW(), NOW(), TRUE),
(121, 3, 11, 1, '【味噌カツパラダイス】カツの厚みがバグっている…！しかも味噌がよく染みているから、お腹いっぱいでも箸が進む。', NOW(), NOW(), TRUE),
(122, 4, 12, 1, '【味噌カツパラダイス】外はカリッ、中はジューシー。食べた瞬間、頭の中で祭囃子が鳴り響くほど美味！', NOW(), NOW(), TRUE),
(123, 5, 13, 1, '【味噌カツパラダイス】「ご飯おかわり無料」の札を見て、即座に3杯いった自分を褒めたい。味噌マジック恐るべし…。', NOW(), NOW(), TRUE),
(124, 4, 14, 1, '【味噌カツパラダイス】秘伝の味噌ダレが甘辛絶妙！脳内に「食べてもOK」の免罪符が乱舞するの怖い。', NOW(), NOW(), TRUE),
(125, 1, 15, 1, '【味噌カツパラダイス】正直カロリーにビビって1点。でも味は鬼ウマです、悔しい…。', NOW(), NOW(), TRUE),
(126, 5, 16, 1, '【味噌カツパラダイス】こんがり揚がったカツにガツンと甘い味噌ダレ。やっぱり名古屋飯の王者だと思う。', NOW(), NOW(), TRUE),
(127, 3, 17, 1, '【味噌カツパラダイス】めちゃウマだけど、背徳感がやばい。走って帰るから許してくれ…。', NOW(), NOW(), TRUE),
(128, 4, 18, 1, '【味噌カツパラダイス】一口目で「うまっ！」と叫んでしまった。店員さんが笑って許してくれたのも嬉しい。', NOW(), NOW(), TRUE),
(129, 5, 19, 1, '【味噌カツパラダイス】味噌がキラキラ照り輝いていて、思わず拝みそうになりました。口福をありがとうございます。', NOW(), NOW(), TRUE),
(130, 2, 20, 1, '【味噌カツパラダイス】うますぎて完食後に動けなくなった…味噌の海で溺れるのも悪くない。', NOW(), NOW(), TRUE),
(131, 4, 21, 1, '【味噌カツパラダイス】テイクアウトもあると聞いてさらに驚愕。自宅がパラダイスに変わる日は近い…。', NOW(), NOW(), TRUE),
(132, 5, 22, 1, '【味噌カツパラダイス】子供も大絶賛！「またここに行きたい」攻撃が止まらない…親としては嬉しい悲鳴。', NOW(), NOW(), TRUE),
(133, 4, 23, 1, '【味噌カツパラダイス】名古屋ビギナーにもオススメのど定番。実家の母に土産話したら羨ましがられました。', NOW(), NOW(), TRUE),
(134, 5,  3,  2,  '【台湾ラーメン天国】深夜にガツンと来る激辛スープ！食べてる間は天国、翌日は地獄…でもやめられない。', NOW(), NOW(), TRUE),
(135, 4,  3,  3,  '【喫茶ひつまぶしモーニング】朝から鰻が贅沢すぎ！トーストとひつまぶしの板挟みがつらい…。', NOW(), NOW(), TRUE),
(136, 2,  3,  4,  '【どて煮横丁】ホルモンの甘辛味が最高だけど、シャツに飛んだら悲劇。昼休みに行くのは諸刃の剣かも。', NOW(), NOW(), TRUE),
(137, 5,  3,  5,  '【きしめん路地裏屋】細い路地を抜けたら平たい麺がドーン！鰹だしの香りが染みてて無心ですすりました。', NOW(), NOW(), TRUE),
(138, 3,  3,  6,  '【鉄板スパゲッティ楽園】ジュージューと奏でる音が食欲を刺激。でも飛び散る油には要注意。', NOW(), NOW(), TRUE),
(139, 4,  3,  7,  '【味噌煮込みうどん大陸】濃厚すぎる赤味噌とコシの強い麺で腹ペコを一撃。器までアツアツなので火傷注意！', NOW(), NOW(), TRUE),
(140, 5,  3,  8,  '【味噌おでん名人】大根に染み込んだ味噌汁が沁みる…まさに名人芸！靴下にタレこぼしたけど後悔はない。', NOW(), NOW(), TRUE),
(141, 1,  3,  9,  '【カレーうどん劇場】カレーが派手に飛び散って観客(シャツ)も被害に…でも美味しいから星1とは言えないジレンマ。', NOW(), NOW(), TRUE),
(142, 4,  3, 10,  '【手羽先ソウルフード】一度食べると手が止まらない魔力！ビール片手に骨の山を築く達成感。', NOW(), NOW(), TRUE),
(143, 5,  3, 11,  '【ひつまぶし炭火庵】炭火焼きの香ばしさが半端ない！お茶漬けスタイルまで堪能できる究極の贅沢。', NOW(), NOW(), TRUE),
(144, 3,  3, 12,  '【小倉トースト甘味屋】パンと小倉あんの甘いハーモニー。朝なのにデザート気分で幸福度MAX。', NOW(), NOW(), TRUE),
(145, 5,  3, 13,  '【味噌カツバーガー工房】ガッツリ濃厚な味噌カツがバンズにサンドされる衝撃！紙エプロン必須です。', NOW(), NOW(), TRUE),
(146, 2,  3, 14,  '【どて丼本舗】甘辛いホルモンがご飯に絡む最強コンボ。美味しいけど体重計が怖くて星2…ごめんなさい。', NOW(), NOW(), TRUE),
(147, 4,  3, 15,  '【味噌煮込みパスタ庵】パスタ×赤味噌の出会いは未知との遭遇。意外にアリで自分でも驚きました。', NOW(), NOW(), TRUE),
(148, 5,  3, 16,  '【台湾まぜそば極楽】名前どおり極楽の辛さ！追い飯までエンドレスで食べ続けられる恐怖。', NOW(), NOW(), TRUE),
(149, 3,  3, 17,  '【名古屋味噌グリル】ちょっとおしゃれな空間なのに、味噌の濃ゆさはまんま名古屋。ミスマッチがクセになります。', NOW(), NOW(), TRUE),
(150, 4,  3, 18,  '【味噌串カツ横丁】串をドボンと味噌漬けにする快感！口の中が味噌ワールドすぎて離れられない…。', NOW(), NOW(), TRUE),
(151, 1,  3, 19,  '【味噌鍋シチュー亭】濃厚シチューに負ける自分の胃袋が悔しい。もっと鍛えて再挑戦したいけど、とりあえず星1で…。', NOW(), NOW(), TRUE),
(152, 5,  3, 20,  '【手羽先バルCHU】ワイン片手に手羽先をかじる背徳感！タレでグラスがベタベタなのはご愛敬。', NOW(), NOW(), TRUE),
(153, 4,  3, 21,  '【味噌煮込みカフェMISO-Morning】朝の味噌煮込みうどんは胃袋に重いけど、心は満たされます。罪深いモーニング。', NOW(), NOW(), TRUE),
(154, 3,  3, 22,  '【ひつまぶしガーデン】鰻をほおばりつつ庭を眺める優雅さ。こんな贅沢をしていいのか自問自答。', NOW(), NOW(), TRUE),
(155, 5,  3, 23,  '【きしめんスタンドNAGO】駅ナカとは思えぬだしの深み。時間ないときにでも本格麺が食べられる幸せ！', NOW(), NOW(), TRUE),
(156, 2,  3, 24,  '【台湾ラーメンBar一麺】夜な夜な辛さとお酒を求めて集合。翌日の胃袋リスクを考えて星2に留めます…。', NOW(), NOW(), TRUE),
(157, 4,  3, 25,  '【味噌カツデリシャス】名前に偽りなし！ごはんが何杯あっても足りないほどデリシャス。ダイエット終了のお知らせ。', NOW(), NOW(), TRUE),
(158, 5,  3, 26,  '【ひつまぶし洋風アレンジ】鰻がバターライスとタッグを組んで異次元のうまさに！胃袋が跳ねて喜んでます。', NOW(), NOW(), TRUE),
(159, 3,  3, 27,  '【味噌おでん昭和横丁】昭和レトロと味噌の香りが融合してノスタルジー全開。大根の染み込み具合が涙モノ。', NOW(), NOW(), TRUE),
(160, 5,  3, 28,  '【台湾まぜそば屋台】屋台の開放感とニラの香りが最高すぎて…。まぜまぜしてる間にビール１本空きました。', NOW(), NOW(), TRUE),
(161, 2,  3, 29,  '【きしめんBAR Udonista】ワイン片手にズルズル麺はちょっと罪深い。けど、それがいいんです…。', NOW(), NOW(), TRUE),
(162, 4,  3, 30,  '【味噌カツラボ】研究心あふれる味噌カツがずらり！厚切りカツは飲み物です…嘘だけど、それくらいイケる。', NOW(), NOW(), TRUE),
(163, 5,  3, 31,  '【どて煮食堂まるた】ホルモンどっぷり味噌に漬かっていて白米が足りない！追加注文して大満足。', NOW(), NOW(), TRUE);

--お気に入りテーブルへの追加
INSERT IGNORE INTO favorites (id, user_id, restaurant_id, favorite_comment, created_at, updated_at) VALUES
(1, 1, 1, '雰囲気が良かったです。', NOW(), NOW()),
(2, 1, 2, NULL, NOW(), NOW()),
(3, 2, 3, '料理が美味しい！', NOW(), NOW()),
(4, 2, 4, NULL, NOW(), NOW()),
(5, 3, 5, '何度も行きたくなるお店です。', NOW(), NOW()),
(6, 4, 6, NULL, NOW(), NOW()),
(7, 5, 7, 'おすすめのお店です。', NOW(), NOW()),
(8, 6, 8, NULL, NOW(), NOW()),
(9, 7, 9, 'とても快適でした。', NOW(), NOW()),
(11, 1, 11, '味噌煮込みうどんが絶品！だけど量が多いから一人で全部食べられるか不安…', NOW(), NOW()),
(12, 2, 12, '小倉トーストに塩バターを追加する裏技を聞いた。これは試すしかない！', NOW(), NOW()),
(13, 3, 13, '名古屋コーチン入りオムライスって何！？気になるから今度チャレンジする。', NOW(), NOW()),
(14, 4, 14, 'もはやソースとんかつが日常のルーティンになりつつある。カロリーは気にしない！', NOW(), NOW()),
(15, 5, 15, 'まさかの米粉100%のきしめん。ツルッと食べやすくて感動！', NOW(), NOW()),
(16, 6, 16, '天むすにガーリックバターを付ける猛者がいるらしい…やってみる？', NOW(), NOW()),
(17, 7, 17, '喫茶店でスパゲッティが鉄板焼き…これも名古屋流。卵が敷いてあるの最高。', NOW(), NOW()),
(18, 8, 18, '台湾ラーメン、辛さ増し増しで注文したら唇がヒリヒリした…が、クセになる。', NOW(), NOW()),
(19, 9, 19, 'あんかけスパは見た目以上にボリューム満点。でもペロリといける。', NOW(), NOW()),
(20, 10, 20, '味噌カツサンドはテイクアウトの鉄板。新幹線に乗る前に買っちゃうよね。', NOW(), NOW()),
(21, 1, 21, '念願のひつまぶし！山椒をかけすぎてちょいピリ辛にしてしまったけど、良し！', NOW(), NOW()),
(22, 2, 22, '名古屋おでんは味噌ダレがしみしみ…。からしがまたいい仕事する。', NOW(), NOW()),
(23, 3, 23, 'モーニングセットのメニューが多すぎて迷う！全制覇したいかも。', NOW(), NOW()),
(24, 4, 24, 'コーヒーゼリーを頼んだら、サービスでゆで卵ついてきた。え、なんで！？', NOW(), NOW()),
(25, 5, 25, '名古屋の喫茶店ではピーナッツバターがデフォ。塗りすぎ注意…！', NOW(), NOW()),
(26, 6, 26, 'レンコン入り味噌カツって珍しくない？でも歯ごたえが面白い！', NOW(), NOW()),
(27, 7, 27, 'ゲソ天入りきしめんが思った以上に合う。こんなにハマるとは…！', NOW(), NOW()),
(28, 8, 28, '実は生まれて初めての手羽先体験。カリッとジューシーで感動！', NOW(), NOW()),
(29, 9, 29, '名古屋流にエビフライを「エビフリャー」って言うの、やっぱり面白い。', NOW(), NOW()),
(30, 10, 30, '名物セットを頼んだら、味噌カツ・エビフライ・手羽先全部のせ！胃袋が忙しい！', NOW(), NOW()),
(31, 1, 31, 'この店のあんこはほどよい甘さ。パンの耳がカリカリで最高。', NOW(), NOW()),
(32, 2, 32, 'うなぎの肝吸いがこんなに旨いなんて知らなかった…また来たい。', NOW(), NOW()),
(33, 3, 33, 'コメダでミニサイズを頼んでも結構ボリュームあるの笑う。', NOW(), NOW()),
(34, 4, 34, 'ランチタイムに行ったら大行列！でも回転早いからそんなに待たなかった。', NOW(), NOW()),
(35, 5, 35, 'この味噌、濃厚だけど甘みもあってクセになりそう。白米が進む！', NOW(), NOW()),
(36, 6, 36, '知る人ぞ知る隠れ家洋食店。ドリンクバーがなぜか激安だった。', NOW(), NOW()),
(37, 7, 37, '創作味噌料理って気になりすぎる。いつか全部制覇してブログにまとめたい。', NOW(), NOW()),
(38, 8, 38, '金鯱ビール片手に手羽先は至福すぎる…。カウンター席で黙々と食べたい。', NOW(), NOW()),
(39, 9, 39, '外観は古めかしいけど、中は昭和レトロで落ち着く！常連になりたい。', NOW(), NOW()),
(40, 10, 40, '香ばしい味噌がついた五平餅！串に刺さって食べ歩きにも良さそう。', NOW(), NOW()),
(41, 1, 41, 'きしめんに天ぷらのっけるの定番だけど、かき揚げをのせたら重すぎた。笑', NOW(), NOW()),
(42, 2, 42, 'わらびもちドリンク？名古屋は甘味の進化が止まらない。', NOW(), NOW()),
(43, 3, 43, '営業マン御用達のカレーうどん屋。スーツに飛び散らないか緊張する。', NOW(), NOW()),
(44, 4, 44, '夜限定のトロトロ牛すじどて丼がヤバい…。一瞬で平らげてしまった。', NOW(), NOW()),
(45, 5, 45, '食後のサービスプリンが最高すぎる…。お皿まで舐めたい衝動。', NOW(), NOW()),
(46, 6, 46, 'ここはメニュー名が面白い。「パワー注入！味噌カツ丼」とか攻めてる。', NOW(), NOW()),
(47, 7, 47, '店員さんがイチオシしてたグラタンパン、想像の2倍の大きさ。お腹いっぱい！', NOW(), NOW()),
(48, 8, 48, 'どて焼きに粉チーズをかけるなんて…。でも意外と美味しくてビビる。', NOW(), NOW()),
(49, 9, 49, 'ここはデザートのあんみつが絶品。ずんだ餅トッピングがまた合うんだな。', NOW(), NOW()),
(50, 10, 50, 'ついつい名古屋めしを食べすぎたので、明日は断食…無理かな。', NOW(), NOW()),
(51, 1, 51, 'ミニ天むすがめちゃくちゃ可愛い。写真撮るの忘れて一気に食べちゃった。', NOW(), NOW()),
(52, 2, 52, '早朝営業が嬉しい！今度は深夜にラーメンじゃなくてここに来ようかな。', NOW(), NOW()),
(53, 3, 53, 'ここのコーヒーは独特の深み。豆が違うのかな？また飲みたい。', NOW(), NOW()),
(54, 4, 54, '焼き鳥じゃなくて焼きうなぎ！？店員さんに2度聞きしちゃったよ。', NOW(), NOW()),
(55, 5, 55, '熱々の鉄板ナポリタン、卵がふわふわで食欲そそる…。', NOW(), NOW()),
(56, 6, 56, '一度で良いから、かつ丼と味噌カツ丼のダブル注文して食べ比べしたい。', NOW(), NOW()),
(57, 7, 57, '特製ソースかつサンド、食べるときソースが溢れがち。持ち帰りに向いてるのか？', NOW(), NOW()),
(58, 8, 58, '抹茶パフェが本格的。抹茶の苦みと甘いあんこがベストマッチ。', NOW(), NOW()),
(59, 9, 59, 'どえりゃ～うみゃ～！をリアルに言いたくなった店。おすすめ。', NOW(), NOW()),
(60, 10, 60, 'ここの唐揚げは手羽先風に味付けしてあって、なんちゃって手羽先気分。', NOW(), NOW()),
(61, 1, 61, 'お昼時はサービスが豪華すぎ。サラダ・スープ・漬物が無料って…。', NOW(), NOW()),
(62, 2, 62, '口コミで評判の味噌スープ、ほんとに身体に染みる味。風邪気味の時にも良さそう。', NOW(), NOW()),
(63, 3, 63, '看板メニューのチキン南蛮がなぜか味噌仕立て。名古屋って感じ。', NOW(), NOW()),
(64, 4, 64, 'カレーパンが熱すぎて口の中やけどした…。でも美味しすぎて後悔はない。', NOW(), NOW()),
(65, 5, 65, '初回限定のサービス券が強烈。なぜかマグカップまで貰った…。', NOW(), NOW()),
(66, 6, 66, '牡蠣の天むすとか贅沢すぎじゃない？季節限定だから余計に食べたい。', NOW(), NOW()),
(67, 7, 67, 'ドライブがてら寄ったら、店長がフレンドリーすぎて仲良くなった。', NOW(), NOW()),
(68, 8, 68, '深夜3時までやってるのは神。いつでも名古屋めしを欲してしまう…。', NOW(), NOW()),
(69, 9, 69, '味噌煮込みうどんの蓋を取り皿にするの、初心者は分からんて…。', NOW(), NOW()),
(70, 10, 70, 'セットメニューが多彩すぎて、決めるのに時間かかる！全部美味しそう…。', NOW(), NOW()),
(71, 1, 71, 'ボリューム満点の唐揚げ定食。名古屋人は満足だろうけど、関東人には多すぎ？', NOW(), NOW()),
(72, 2, 72, '昭和レトロの内装がたまらない。店内BGMがなぜかジャズなのもいい。', NOW(), NOW()),
(73, 3, 73, '小倉トーストの小倉の量がすごい！パンが負けてる…。', NOW(), NOW()),
(74, 4, 74, '鉄板イタリアンはB級の王様。無性に食べたくなる時があるんだよね。', NOW(), NOW()),
(75, 5, 75, '抹茶シロノワールが限定発売中。甘党にはたまらん！', NOW(), NOW()),
(76, 6, 76, '新メニューのピザがお好み焼き風で混乱した。これもアリか。', NOW(), NOW()),
(77, 7, 77, '名古屋城が見えるテラス席があるなんてオシャレすぎ。夜景がキラキラ！', NOW(), NOW()),
(78, 8, 78, '大根おろしたっぷりの味噌煮が胃にやさしい。これでいくらでも飲める。', NOW(), NOW()),
(79, 9, 79, '味噌汁がご飯に染み込む味噌おにぎり、初めて食べたけど最高。', NOW(), NOW()),
(80, 10, 80, '手羽先の唐揚げが1本100円!? コスパ最強すぎて震える。', NOW(), NOW()),
(81, 1, 81, '甘い系の味噌ダレ初体験。ご飯がどんどん進むから危険。', NOW(), NOW()),
(82, 2, 82, 'カウンターでおでんつつきながら一人飲み。これが大人の楽しみ方ってやつか。', NOW(), NOW()),
(83, 3, 83, 'レトロな喫茶店で頼んだクリームソーダ。なんか写真映えするし美味しい。', NOW(), NOW()),
(84, 4, 84, '名古屋流角煮がバター醤油味だった。初めての組み合わせに驚愕。', NOW(), NOW()),
(85, 5, 85, '串カツ盛り合わせ、味噌とソースの二刀流で堪能できる！', NOW(), NOW()),
(86, 6, 86, 'スイーツの種類が多くて迷う。結局プリンアラモードに落ち着く。', NOW(), NOW()),
(87, 7, 87, '味噌ベースのもつ鍋！最後の雑炊も絶品。寒い季節には最高。', NOW(), NOW()),
(88, 8, 88, '持ち帰り専門のうなぎ屋さん。焼きたてが香ばしくて贅沢だなー。', NOW(), NOW()),
(89, 9, 89, '名古屋出身の友達に連れてきてもらった。地元民オススメは間違いない。', NOW(), NOW()),
(90, 10, 90, 'なんでも味噌をかけたくなる不思議な店。サラダにまで味噌ドレッシング。', NOW(), NOW()),
(91, 1, 91, '駅チカで助かる。終電逃したらここで夜明かし可能かも。', NOW(), NOW()),
(92, 2, 92, '天丼にきしめんがセットって食べすぎ？でも一度はやりたい贅沢。', NOW(), NOW()),
(93, 3, 93, 'まさにB級グルメの殿堂…。財布にも優しいし、学生時代を思い出す。', NOW(), NOW()),
(94, 4, 94, '味噌ラーメンじゃなくて「赤味噌ラーメン」って名前が魅力的。', NOW(), NOW()),
(95, 5, 95, '看板料理がとんてき…三重かと思いきや、名古屋でも人気あるのね。', NOW(), NOW()),
(96, 6, 96, '夜限定のメニューがめっちゃ旨そう。次は夜狙いでリベンジ。', NOW(), NOW()),
(97, 7, 97, '雰囲気が和モダンで落ち着く。昼からビール飲む罪悪感も消える気がする。', NOW(), NOW()),
(98, 8, 98, '味噌串カツとチーズ串カツのハーフ＆ハーフがあるなんて神。', NOW(), NOW()),
(99, 9, 99, 'おやつ代わりにあんまき買って帰った。ペロッと食べちゃう危険なお菓子。', NOW(), NOW()),
(100, 10, 100, '一日一味噌！を目標に通いたくなる味。ヘビロテ待ったなし。', NOW(), NOW()),

-- ◆ (101)～(110) は元々 restaurant_id=101..110 を使っていたので修正
--    user_id ごとに、未使用の 1～100 のIDを割当（重複しないよう調整済み）
(101, 1, 99, 'コーヒーチケットで大盛りモーニングが毎回ついてくる。コスパ最強じゃん。', NOW(), NOW()),
(102, 2, 93, 'この店の名古屋めしは過激。全部味噌まみれで濃い味好きにはたまらない。', NOW(), NOW()),
(103, 3, 95, '赤だし文化、初めは抵抗あったけど今はハマりまくってる。', NOW(), NOW()),
(104, 4, 96, 'アルバイトの子たちが元気すぎて、こっちもパワーもらえる。', NOW(), NOW()),
(105, 5, 97, 'みそ串カツと手羽先がセットの「名古屋コンボ」はネーミングも最高。', NOW(), NOW()),
(106, 6, 98, 'あんかけスパに粉チーズとタバスコを大量投入…夢中で食べてしまった。', NOW(), NOW()),
(107, 7, 99, '味噌まんじゅうって初めて食べたけど、意外に上品な甘さ。お茶請けに良い。', NOW(), NOW()),
(108, 8, 100, 'ランチタイムはライスおかわり自由。おかずが濃い味だから5杯はいける。', NOW(), NOW()),
(109, 9, 90, '名古屋名物すべて詰め込んだデラックス定食。一度は頼むべき！', NOW(), NOW()),
(110, 10, 91, '次は会社のメンバー全員で来たい。みそラブ仲間増やしたいな。', NOW(), NOW()),

-- ◆ (111)～(130) → 全部 user_id=3 で restaurant_id=111..130 を使っていたので
--    user_id=3 がまだ使用していない 1～100 のレストランIDを割り当て直し
--    （コメント文は元のまま）
(111, 3, 1, '寿司屋だけど名古屋流に味噌を出されるとは思わなかった…意外にイケる。', NOW(), NOW()),
(112, 3, 2, 'ホットケーキにあんこ＆バターは反則級の甘さ。痩せる気が失せる。', NOW(), NOW()),
(113, 3, 3, 'テイクアウトの味噌カツ丼、夜食に最高だけどカロリー爆弾…。', NOW(), NOW()),
(114, 3, 4, '抹茶きしめんとか初耳！緑色が見た目インパクト大。', NOW(), NOW()),
(115, 3, 6, 'ビール党には手羽先と赤味噌枝豆が最高のお供。エンドレスで飲める。', NOW(), NOW()),
(116, 3, 7, '天むす専門店、えびのプリプリ感が神。いくらでも食べられそう。', NOW(), NOW()),
(117, 3, 8, 'ジューシーな名古屋コーチン唐揚げ、口の中が肉汁で満たされる。', NOW(), NOW()),
(118, 3, 9, 'BGMに戦隊モノの主題歌が流れてて謎にテンション上がった。', NOW(), NOW()),
(119, 3, 10, '味噌ダレがご飯の下に仕込まれてるサプライズ。混ぜ込むと至福。', NOW(), NOW()),
(120, 3, 11, 'コメダのシロノワールを一人で完食する達成感…次はビッグサイズか。', NOW(), NOW()),
(121, 3, 12, 'フライドポテトにも味噌ソースが添えられる世界線。ディップしまくり。', NOW(), NOW()),
(122, 3, 14, '居酒屋に味噌おでんがあるの嬉しすぎ！ついつい食べすぎる。', NOW(), NOW()),
(123, 3, 15, 'ひつまぶし、タレがしみ込んだおこげ部分が一番好き。', NOW(), NOW()),
(124, 3, 16, '毎週土曜は餡トーストを食べる習慣。いつか血液が小倉になるかも。', NOW(), NOW()),
(125, 3, 17, 'ドリンクバーに味噌汁があるって面白い。飲みすぎ注意。', NOW(), NOW()),
(126, 3, 18, '個室でゆっくりあんかけスパ…。めっちゃ贅沢気分。', NOW(), NOW()),
(127, 3, 19, 'まさかの味噌バターラーメン。こっちじゃ定番なのかな？', NOW(), NOW()),
(128, 3, 20, 'デザートがみたらし団子とか渋すぎ。和スイーツ最高。', NOW(), NOW()),
(129, 3, 21, '隠し味の味噌マヨが癖になるサラダ。健康的っぽいから許される？', NOW(), NOW()),
(130, 3, 22, 'やっぱり名古屋の朝はコーヒーと小倉トーストに限る。毎日でもOK。', NOW(), NOW());

--予約テーブルへの追加
INSERT IGNORE INTO reservations (id, user_id, restaurant_id, appointment_date, num_of_people, created_at, updated_at) VALUES
(1, 1, 1, '2024-12-15 18:30:00', 4, NOW(), NOW()),
(2, 1, 2, '2024-12-20 12:00:00', 3, NOW(), NOW()),
(3, 2, 3, '2024-12-25 19:00:00', 5, NOW(), NOW()),
(4, 2, 4, '2024-12-30 14:00:00', 2, NOW(), NOW()),
(5, 3, 5, '2024-12-17 20:00:00', 6, NOW(), NOW()),
(6, 4, 6, '2024-12-18 09:30:00', 1, NOW(), NOW()),
(7, 5, 7, '2024-12-22 18:00:00', 8, NOW(), NOW()),
(8, 6, 8, '2024-12-28 12:45:00', 3, NOW(), NOW()),
(9, 7, 9, '2024-12-19 13:15:00', 2, NOW(), NOW()),
(10, 8, 10, '2024-12-24 21:00:00', 4, NOW(), NOW());

